account_id,group_id,organization_id,registration_date,is_written_off,is_unlocked,group_name,price_upfront,price_unlock,price_clock_hour,minimum_payment,ast_id,created_when,started_when,from_state,to_state,previous_state_transition_id,diff,actual_time_to_repay,nominal_loan_term,time_to_repay_as%_of_term,avg_pct_by_group
2,1,10001,2019-11-06 05:49:39.571392,False,True,Gugun Polar Wireless Product,950,8100,5.654761905,71.5,31,2020-03-12 20:03:37.120446,2020-02-24 02:00:21.571392,DISABLED,UNLOCKED,30.0,17 days 18:03:15.549054000,2636.1783333333333,1432.4210525712665,184.03655326073732,23.94041902085405
4,1,10001,2019-12-11 03:18:53.571392,False,True,Gugun Polar Wireless Product,950,8100,5.654761905,71.5,258,2020-03-12 20:03:40.459370,2020-02-25 04:28:59.571392,DISABLED,UNLOCKED,257.0,16 days 15:34:40.887978000,1825.1683333333333,1432.4210525712665,127.41842421661327,
6,1,10001,2019-09-29 13:04:45.571392,False,True,Gugun Polar Wireless Product,950,8100,5.654761905,71.5,483,2020-03-12 20:03:44.402369,2020-02-20 18:54:47.571392,DISABLED,UNLOCKED,482.0,21 days 01:08:56.830977000,3461.833888888889,1432.4210525712665,241.67711600403567,
9,1,10001,2019-10-10 12:49:10.571392,False,True,Gugun Polar Wireless Product,950,8100,5.654761905,71.5,680,2020-03-12 20:03:49.246836,2020-03-04 07:45:50.571392,DISABLED,UNLOCKED,679.0,8 days 12:17:58.675444000,3498.9444444444443,1432.4210525712665,244.26787348340534,
10,1,10001,2019-12-15 03:38:31.571392,False,True,Gugun Polar Wireless Product,950,8100,5.654761905,71.5,693,2020-03-12 20:03:50.585713,2020-02-21 15:48:49.571392,DISABLED,UNLOCKED,692.0,20 days 04:15:01.014321000,1644.1716666666666,1432.4210525712665,114.78270748082747,
11,1,10001,2019-09-22 00:50:52.571392,False,True,Gugun Polar Wireless Product,950,8100,5.654761905,71.5,734,2020-03-12 20:03:53.188399,2020-02-22 10:21:48.571392,DISABLED,UNLOCKED,733.0,19 days 09:42:04.617007000,3681.5155555555557,1432.4210525712665,257.0135051385243,
12,2,10001,2019-10-03 09:22:40.571392,False,True,Tennie JUA Home Mate H1G Lite,1500,6100,8.928571429,46.0,775,2020-03-12 20:03:56.065021,2020-03-03 13:35:30.571392,DISABLED,UNLOCKED,774.0,9 days 06:28:25.493629000,3652.213888888889,683.1999999672064,534.5746324742674,
14,2,10001,2019-07-14 10:38:51.571392,False,True,Tennie JUA Home Mate H1G Lite,1500,6100,8.928571429,46.0,1578,2020-03-12 20:04:04.455339,2020-02-29 01:21:59.571392,DISABLED,UNLOCKED,1577.0,12 days 18:42:04.883947000,5510.718888888889,683.1999999672064,806.604052862032,
16,2,10001,2019-06-27 01:35:05.571392,False,True,Tennie JUA Home Mate H1G Lite,1500,6100,8.928571429,46.0,1657,2020-03-12 20:04:09.688110,2020-03-02 21:13:29.571392,DISABLED,UNLOCKED,1656.0,9 days 22:50:40.116718000,5995.64,683.1999999672064,877.5819672552387,
18,2,10001,2019-10-03 09:21:49.571392,False,True,Tennie JUA Home Mate H1G Lite,1500,6100,8.928571429,46.0,2136,2020-03-12 20:04:15.665846,2020-03-04 14:41:14.571392,DISABLED,UNLOCKED,2135.0,8 days 05:23:01.094454000,3677.323611111111,683.1999999672064,538.2499431041601,
21,2,10001,2019-07-11 20:56:40.571392,False,True,Tennie JUA Home Mate H1G Lite,1500,6100,8.928571429,46.0,3113,2020-03-12 20:04:26.349510,2020-02-26 01:58:07.571392,DISABLED,UNLOCKED,3112.0,15 days 18:06:18.778118000,5501.024166666667,683.1999999672064,805.1850361432548,
22,2,10001,2019-07-31 12:02:15.571392,False,True,Tennie JUA Home Mate H1G Lite,1500,6100,8.928571429,46.0,3172,2020-03-12 20:04:30.544776,2020-03-02 10:00:18.571392,DISABLED,UNLOCKED,3171.0,10 days 10:04:11.973384000,5157.9675,683.1999999672064,754.9718238067304,
19,2,10001,2019-09-21 06:14:21.571392,False,True,Tennie JUA Home Mate H1G Lite,1500,6100,8.928571429,46.0,90694,2020-03-12 21:59:15.330339,2020-03-05 23:08:45.571392,DISABLED,UNLOCKED,90693.0,6 days 22:50:29.758947000,4000.9066666666668,683.1999999672064,585.6128025261579,
17,2,10001,2019-10-05 04:21:51.571392,False,True,Tennie JUA Home Mate H1G Lite,1500,6100,8.928571429,46.0,90957,2020-03-12 21:59:17.508607,2020-03-05 11:15:36.571392,DISABLED,UNLOCKED,90956.0,7 days 10:43:40.937215000,3654.8958333333335,683.1999999672064,534.9671887454286,
27,3,10001,2019-05-24 22:38:31.571392,False,True,Hong Rath Omnivoltaic Catch (Keycode) Bundle,800,5200,4.7619047619999995,44.0,4311,2020-03-12 20:04:51.098169,2020-02-19 00:56:36.571392,DISABLED,UNLOCKED,4310.0,22 days 19:08:14.526777000,6482.301388888889,1091.99999997816,593.6173433167156,
29,3,10001,2019-07-06 04:27:38.571392,False,True,Hong Rath Omnivoltaic Catch (Keycode) Bundle,800,5200,4.7619047619999995,44.0,4446,2020-03-12 20:04:59.606881,2020-02-26 23:38:22.571392,DISABLED,UNLOCKED,4445.0,14 days 20:26:37.035489000,5659.178888888889,1091.99999997816,518.2398250001897,
34,4,10001,2019-08-13 00:41:58.571392,False,True,Monte Omnivoltaic M400,650,6100,3.869047619,54.5,4689,2020-03-12 20:05:14.950510,2020-03-01 06:59:59.571392,DISABLED,UNLOCKED,4688.0,11 days 13:05:15.379118000,4830.300277777777,1576.6153846347893,306.3715047342811,
37,4,10001,2019-09-01 17:44:50.571392,False,True,Monte Omnivoltaic M400,650,6100,3.869047619,54.5,93007,2020-03-12 21:59:36.862056,2020-03-06 14:02:47.571392,DISABLED,UNLOCKED,93006.0,6 days 07:56:49.290664000,4484.299166666667,1576.6153846347893,284.4256887487762,
46,5,10001,2020-02-10 04:02:38.571392,False,True,Coats Omnivoltaic M600 Bundle,1100,6100,6.547619048,50.0,8321,2020-03-12 20:05:56.376871,2020-02-29 13:08:58.571392,ENABLED,UNLOCKED,8320.0,12 days 06:56:57.805479000,465.10555555555555,931.6363635821594,49.92350811288816,
47,5,10001,2019-12-29 12:55:53.571392,False,True,Coats Omnivoltaic M600 Bundle,1100,6100,6.547619048,50.0,8334,2020-03-12 20:05:59.982349,2020-02-28 21:40:02.571392,DISABLED,UNLOCKED,8333.0,12 days 22:25:57.410957000,1472.7358333333334,931.6363635821594,158.0805441804178,
48,5,10001,2019-12-22 11:09:23.571392,False,True,Coats Omnivoltaic M600 Bundle,1100,6100,6.547619048,50.0,8349,2020-03-12 20:06:03.349580,2020-02-29 13:26:46.571392,DISABLED,UNLOCKED,8348.0,12 days 06:39:16.778188000,1658.2897222222223,931.6363635821594,177.99753069385,
49,5,10001,2019-12-24 13:15:06.571392,False,True,Coats Omnivoltaic M600 Bundle,1100,6100,6.547619048,50.0,8362,2020-03-12 20:06:06.544915,2020-02-23 03:23:50.571392,DISABLED,UNLOCKED,8361.0,18 days 16:42:15.973523000,1454.1455555555556,931.6363635821594,156.08510062491962,
51,5,10001,2019-12-30 15:37:01.571392,False,True,Coats Omnivoltaic M600 Bundle,1100,6100,6.547619048,50.0,8377,2020-03-12 20:06:12.242150,2020-02-24 07:49:24.571392,DISABLED,UNLOCKED,8376.0,17 days 12:16:47.670758000,1336.2063888888888,931.6363635821594,143.4257443270194,
56,6,10001,2019-06-26 06:25:39.571392,False,True,Cherwin Sun King Pro Easy Buy,650,5500,3.869047619,48.5,8680,2020-03-12 20:06:30.677797,2020-03-03 03:23:04.571392,DISABLED,UNLOCKED,8679.0,9 days 16:43:26.106405000,6020.956944444444,1421.5384615559574,423.55216600007805,
59,6,10001,2019-11-03 05:39:13.571392,False,True,Cherwin Sun King Pro Easy Buy,650,5500,3.869047619,48.5,8973,2020-03-12 20:06:38.469637,2020-02-21 13:54:54.571392,DISABLED,UNLOCKED,8972.0,20 days 06:11:43.898245000,2648.261388888889,1421.5384615559574,186.29544402127618,
61,6,10001,2019-06-15 03:48:17.571392,False,True,Cherwin Sun King Pro Easy Buy,650,5500,3.869047619,48.5,9650,2020-03-12 20:06:50.124786,2020-02-27 04:50:22.571392,DISABLED,UNLOCKED,9649.0,14 days 15:16:27.553394000,6169.034722222223,1421.5384615559574,433.96889279167664,
62,6,10001,2019-06-09 06:39:29.571392,False,True,Cherwin Sun King Pro Easy Buy,650,5500,3.869047619,48.5,9721,2020-03-12 20:06:56.559703,2020-02-23 04:55:13.571392,DISABLED,UNLOCKED,9720.0,18 days 15:11:42.988311000,6214.262222222223,1421.5384615559574,437.15048099510074,
64,6,10001,2019-11-15 14:41:41.571392,False,True,Cherwin Sun King Pro Easy Buy,650,5500,3.869047619,48.5,9880,2020-03-12 20:07:03.191686,2020-02-25 19:22:36.571392,DISABLED,UNLOCKED,9879.0,16 days 00:44:26.620294000,2452.6819444444445,1421.5384615559574,172.53714976940125,
65,6,10001,2019-08-29 07:09:16.571392,False,True,Cherwin Sun King Pro Easy Buy,650,5500,3.869047619,48.5,9931,2020-03-12 20:07:08.391117,2020-03-04 02:23:37.571392,DISABLED,UNLOCKED,9930.0,8 days 17:43:30.819725000,4507.239166666666,1421.5384615559574,317.0676902919129,
74,7,10001,2020-01-25 16:36:10.571392,False,True,Monte BioLite SolarHome 620,600,6100,3.571428571,110.0,10917,2020-03-12 20:07:31.549711,2020-02-29 08:45:48.571392,ENABLED,UNLOCKED,10916.0,12 days 11:21:42.978319000,832.1605555555556,1708.0000002049599,48.72134399623515,
75,7,10001,2019-11-24 04:58:52.571392,False,True,Monte BioLite SolarHome 620,600,6100,3.571428571,110.0,10934,2020-03-12 20:07:36.052663,2020-02-22 00:04:09.571392,DISABLED,UNLOCKED,10933.0,19 days 20:03:26.481271000,2155.0880555555555,1708.0000002049599,126.17611564970403,
76,7,10001,2019-10-20 06:58:09.571392,False,True,Monte BioLite SolarHome 620,600,6100,3.571428571,110.0,10967,2020-03-12 20:07:40.214888,2020-03-01 01:55:14.571392,DISABLED,UNLOCKED,10966.0,11 days 18:12:25.643496000,3186.9513888888887,1708.0000002049599,186.58965974862147,
79,7,10001,2019-10-29 17:59:35.571392,False,True,Monte BioLite SolarHome 620,600,6100,3.571428571,110.0,11122,2020-03-12 20:07:47.773666,2020-02-24 15:26:10.571392,DISABLED,UNLOCKED,11121.0,17 days 04:41:37.202274000,2829.4430555555555,1708.0000002049599,165.65825850210905,
80,7,10001,2019-11-26 08:19:51.571392,False,True,Monte BioLite SolarHome 620,600,6100,3.571428571,110.0,11143,2020-03-12 20:07:51.038827,2020-03-02 23:17:53.571392,DISABLED,UNLOCKED,11142.0,9 days 20:49:57.467435000,2342.967222222222,1708.0000002049599,137.17606685837623,
82,7,10001,2019-11-26 22:07:52.571392,False,True,Monte BioLite SolarHome 620,600,6100,3.571428571,110.0,11248,2020-03-12 20:07:57.499585,2020-02-25 16:40:48.571392,DISABLED,UNLOCKED,11247.0,16 days 03:27:08.928193000,2178.548888888889,1708.0000002049599,127.54970073931284,
85,7,10001,2019-11-28 06:42:42.571392,False,True,Monte BioLite SolarHome 620,600,6100,3.571428571,110.0,11285,2020-03-12 20:08:03.945610,2020-03-05 03:10:23.571392,DISABLED,UNLOCKED,11284.0,7 days 16:57:40.374218000,2348.461388888889,1708.0000002049599,137.49773937980524,
87,7,10001,2019-12-12 22:48:09.571392,False,True,Monte BioLite SolarHome 620,600,6100,3.571428571,110.0,11298,2020-03-12 20:08:08.412225,2020-02-18 12:51:19.571392,DISABLED,UNLOCKED,11297.0,23 days 07:16:48.840833000,1622.0527777777777,1708.0000002049599,94.96796121681098,
90,8,10001,2019-10-22 23:40:56.571392,False,True,Coats Sun King Home 400 Easybuy Keypad,1850,14900,11.01190476,130.5,11671,2020-03-12 20:08:19.925427,2020-03-02 07:43:45.571392,DISABLED,UNLOCKED,11670.0,10 days 12:24:34.354035000,3152.0469444444443,1353.0810813151274,232.95329363269283,
93,8,10001,2019-11-29 00:37:14.571392,False,True,Coats Sun King Home 400 Easybuy Keypad,1850,14900,11.01190476,130.5,11926,2020-03-12 20:08:29.014726,2020-02-27 12:47:18.571392,DISABLED,UNLOCKED,11925.0,14 days 07:21:10.443334000,2172.1677777777777,1353.0810813151274,160.53493081630694,
97,8,10001,2019-11-21 18:06:31.571392,False,True,Coats Sun King Home 400 Easybuy Keypad,1850,14900,11.01190476,130.5,12595,2020-03-12 20:08:47.064628,2020-03-04 05:42:41.571392,DISABLED,UNLOCKED,12594.0,8 days 14:26:05.493236000,2483.6027777777776,1353.0810813151274,183.55165939973378,
98,8,10001,2019-12-28 22:01:12.571392,False,True,Coats Sun King Home 400 Easybuy Keypad,1850,14900,11.01190476,130.5,12600,2020-03-12 20:08:49.540020,2020-02-22 18:58:53.571392,DISABLED,UNLOCKED,12599.0,19 days 01:09:55.968628000,1340.961388888889,1353.0810813151274,99.10428927034744,
100,8,10001,2019-11-15 06:48:37.571392,False,True,Coats Sun King Home 400 Easybuy Keypad,1850,14900,11.01190476,130.5,12695,2020-03-12 20:08:56.782064,2020-02-27 02:44:30.571392,DISABLED,UNLOCKED,12694.0,14 days 17:24:26.210672000,2491.9313888888887,1353.0810813151274,184.16718874428838,
103,8,10001,2019-11-03 08:52:24.571392,False,True,Coats Sun King Home 400 Easybuy Keypad,1850,14900,11.01190476,130.5,12914,2020-03-12 20:09:08.510163,2020-02-29 18:49:07.571392,DISABLED,UNLOCKED,12913.0,12 days 01:20:00.938771000,2841.945277777778,1353.0810813151274,210.03510558403113,
106,8,10001,2020-02-01 04:35:51.571392,False,True,Coats Sun King Home 400 Easybuy Keypad,1850,14900,11.01190476,130.5,13400,2020-03-12 20:09:19.904541,2020-02-27 13:57:42.571392,ENABLED,UNLOCKED,13399.0,14 days 06:11:37.333149000,633.3641666666666,1353.0810813151274,46.80903276328926,
95,8,10001,2019-11-14 20:09:01.571392,False,True,Coats Sun King Home 400 Easybuy Keypad,1850,14900,11.01190476,130.5,91547,2020-03-12 21:59:22.209957,2020-03-04 04:42:53.571392,DISABLED,UNLOCKED,91546.0,8 days 17:16:28.638565000,2648.5644444444442,1353.0810813151274,195.7432175365405,
92,8,10001,2019-11-12 12:14:59.571392,False,True,Coats Sun King Home 400 Easybuy Keypad,1850,14900,11.01190476,130.5,92688,2020-03-12 21:59:33.538543,2020-03-08 13:04:44.571392,DISABLED,UNLOCKED,92687.0,4 days 08:54:48.967151000,2808.829166666667,1353.0810813151274,207.5876461103591,
107,8,10001,2019-10-29 09:30:47.571392,False,True,Coats Sun King Home 400 Easybuy Keypad,1850,14900,11.01190476,130.5,93421,2020-03-12 21:59:41.823541,2020-03-07 21:42:48.571392,DISABLED,UNLOCKED,93420.0,5 days 00:16:53.252149000,3132.200277777778,1353.0810813151274,231.48651777271434,
116,9,10001,2019-09-05 01:22:26.571392,False,True,Sor Sonith Renewit Home Power Station,900,6300,5.3571428569999995,108.0,15671,2020-03-12 20:10:16.758411,2020-03-04 08:35:15.571392,DISABLED,UNLOCKED,15670.0,8 days 11:35:01.187019000,4351.213611111111,1176.00000003136,370.00115739754074,
118,9,10001,2020-01-28 10:03:29.571392,False,True,Sor Sonith Renewit Home Power Station,900,6300,5.3571428569999995,108.0,15675,2020-03-12 20:10:20.209778,2020-03-03 02:31:21.571392,ENABLED,UNLOCKED,15674.0,9 days 17:38:58.638386000,832.4644444444444,1176.00000003136,70.78779289304808,
119,9,10001,2019-12-08 12:48:09.571392,False,True,Sor Sonith Renewit Home Power Station,900,6300,5.3571428569999995,108.0,15692,2020-03-12 20:10:25.486789,2020-02-22 09:15:52.571392,DISABLED,UNLOCKED,15691.0,19 days 10:54:32.915397000,1820.4619444444445,1176.00000003136,154.80118574795057,
124,10,10001,2019-09-29 02:14:31.571392,False,True,Chhim Piseth Polar GSM Product,700,6100,4.166666667,54.0,17873,2020-03-12 20:11:08.220558,2020-02-27 20:56:41.571392,DISABLED,UNLOCKED,17872.0,13 days 23:14:26.649166000,3642.7027777777776,1463.9999998828798,248.81849576975372,
125,10,10001,2019-08-17 05:20:39.571392,False,True,Chhim Piseth Polar GSM Product,700,6100,4.166666667,54.0,17926,2020-03-12 20:11:17.280384,2020-02-28 06:24:12.571392,DISABLED,UNLOCKED,17925.0,13 days 13:47:04.708992000,4681.059166666667,1463.9999998828798,319.7444786230295,
126,10,10001,2019-11-02 22:55:02.571392,False,True,Chhim Piseth Polar GSM Product,700,6100,4.166666667,54.0,17957,2020-03-12 20:11:22.642339,2020-02-29 03:26:17.571392,DISABLED,UNLOCKED,17956.0,12 days 16:45:05.070947000,2836.5208333333335,1463.9999998828798,193.7514230573945,
127,10,10001,2019-09-13 22:56:13.571392,False,True,Chhim Piseth Polar GSM Product,700,6100,4.166666667,54.0,18002,2020-03-12 20:11:30.481614,2020-02-28 06:27:26.571392,DISABLED,UNLOCKED,18001.0,13 days 13:44:03.910222000,4015.5202777777777,1463.9999998828798,274.28417200129917,
130,10,10001,2019-06-23 04:18:49.571392,False,True,Chhim Piseth Polar GSM Product,700,6100,4.166666667,54.0,19281,2020-03-12 20:12:00.316917,2020-02-29 05:56:27.571392,DISABLED,UNLOCKED,19280.0,12 days 14:15:32.745525000,6025.627222222222,1463.9999998828798,411.5865589278875,
131,11,10001,2019-11-05 16:36:16.571392,False,True,Isham Renewit Small Home Power Station,750,6100,4.464285714,53.5,19312,2020-03-12 20:12:07.862790,2020-03-01 12:23:59.571392,DISABLED,UNLOCKED,19311.0,11 days 07:48:08.291398000,2803.7952777777778,1366.4000000874496,205.19579022236059,
133,11,10001,2019-10-09 18:16:51.571392,False,True,Isham Renewit Small Home Power Station,750,6100,4.464285714,53.5,19629,2020-03-12 20:12:23.817507,2020-03-02 10:24:10.571392,DISABLED,UNLOCKED,19628.0,10 days 09:48:13.246115000,3472.1219444444446,1366.4000000874496,254.10728514506943,
134,11,10001,2019-10-08 04:10:41.571392,False,True,Isham Renewit Small Home Power Station,750,6100,4.464285714,53.5,19666,2020-03-12 20:12:31.283997,2020-02-24 15:59:10.571392,DISABLED,UNLOCKED,19665.0,17 days 04:13:20.712605000,3347.8080555555557,1366.4000000874496,245.0093717316522,
136,11,10001,2019-10-25 17:13:45.571392,False,True,Isham Renewit Small Home Power Station,750,6100,4.464285714,53.5,19901,2020-03-12 20:12:46.142490,2020-02-26 00:28:13.571392,DISABLED,UNLOCKED,19900.0,15 days 19:44:32.571098000,2959.241111111111,1366.4000000874496,216.5720953543413,
137,11,10001,2019-11-04 22:31:59.571392,False,True,Isham Renewit Small Home Power Station,750,6100,4.464285714,53.5,19932,2020-03-12 20:12:54.033083,2020-03-02 04:39:22.571392,DISABLED,UNLOCKED,19931.0,10 days 15:33:31.461691000,2838.1230555555558,1366.4000000874496,207.7080690408311,
139,11,10001,2019-10-10 04:09:36.571392,False,True,Isham Renewit Small Home Power Station,750,6100,4.464285714,53.5,20169,2020-03-12 20:13:15.251021,2020-02-25 22:07:12.571392,DISABLED,UNLOCKED,20168.0,15 days 22:06:02.679629000,3329.96,1366.4000000874496,243.70316157690883,
141,11,10001,2020-01-23 17:37:11.571392,False,True,Isham Renewit Small Home Power Station,750,6100,4.464285714,53.5,20349,2020-03-12 20:13:26.609889,2020-02-27 12:52:14.571392,ENABLED,UNLOCKED,20348.0,14 days 07:21:12.038497000,835.2508333333334,1366.4000000874496,61.12784201404254,
145,12,10001,2020-01-02 06:47:44.571392,False,True,Chu Sun King Home 60 Easy Buy Bundle,1200,6100,7.142857143,49.0,20706,2020-03-12 20:13:59.036403,2020-03-04 05:24:20.571392,DISABLED,UNLOCKED,20705.0,8 days 14:49:38.465011000,1486.61,853.99999998292,174.0761124156595,
147,12,10001,2019-12-04 06:02:55.571392,False,True,Chu Sun King Home 60 Easy Buy Bundle,1200,6100,7.142857143,49.0,20731,2020-03-12 20:14:11.267507,2020-03-02 12:19:31.571392,DISABLED,UNLOCKED,20730.0,10 days 07:54:39.696115000,2142.2766666666666,853.99999998292,250.85206870134803,
148,12,10001,2020-02-08 10:42:12.571392,False,True,Chu Sun King Home 60 Easy Buy Bundle,1200,6100,7.142857143,49.0,20733,2020-03-12 20:14:14.437442,2020-02-27 03:03:01.571392,ENABLED,UNLOCKED,20732.0,14 days 17:11:12.866050000,448.34694444444443,853.99999998292,52.49964220765941,
149,12,10001,2020-02-03 20:41:29.571392,False,True,Chu Sun King Home 60 Easy Buy Bundle,1200,6100,7.142857143,49.0,20735,2020-03-12 20:14:19.002669,2020-03-02 06:43:10.571392,ENABLED,UNLOCKED,20734.0,10 days 13:31:08.431277000,658.0280555555555,853.99999998292,77.05246552326885,
150,12,10001,2020-02-22 11:01:51.571392,False,True,Chu Sun King Home 60 Easy Buy Bundle,1200,6100,7.142857143,49.0,20737,2020-03-12 20:14:24.471258,2020-03-06 17:35:43.571392,ENABLED,UNLOCKED,20736.0,6 days 02:38:40.899866000,318.56444444444446,853.99999998292,37.302628155833226,
152,12,10001,2019-12-21 13:53:52.571392,False,True,Chu Sun King Home 60 Easy Buy Bundle,1200,6100,7.142857143,49.0,20806,2020-03-12 20:14:36.293113,2020-02-21 06:13:46.571392,DISABLED,UNLOCKED,20805.0,20 days 14:00:49.721721000,1480.3316666666667,853.99999998292,173.34094457801794,
155,12,10001,2019-12-11 16:49:31.571392,False,True,Chu Sun King Home 60 Easy Buy Bundle,1200,6100,7.142857143,49.0,20979,2020-03-12 20:14:58.294795,2020-02-23 20:36:39.571392,DISABLED,UNLOCKED,20978.0,17 days 23:38:18.723403000,1779.7855555555554,853.99999998292,208.40580276242986,
158,12,10001,2019-12-15 11:03:46.571392,False,True,Chu Sun King Home 60 Easy Buy Bundle,1200,6100,7.142857143,49.0,21238,2020-03-12 20:15:21.471756,2020-02-23 07:55:10.571392,DISABLED,UNLOCKED,21237.0,18 days 12:20:10.900364000,1676.8566666666666,853.99999998292,196.3532396604454,
159,12,10001,2020-02-19 16:12:31.571392,False,True,Chu Sun King Home 60 Easy Buy Bundle,1200,6100,7.142857143,49.0,21240,2020-03-12 20:15:24.288578,2020-03-01 18:32:28.571392,ENABLED,UNLOCKED,21239.0,11 days 01:42:55.717186000,266.3325,853.99999998292,31.186475410459792,
160,12,10001,2020-01-31 15:23:14.571392,False,True,Chu Sun King Home 60 Easy Buy Bundle,1200,6100,7.142857143,49.0,21242,2020-03-12 20:15:27.806789,2020-02-28 00:18:06.571392,ENABLED,UNLOCKED,21241.0,13 days 19:57:21.235397000,656.9144444444445,853.99999998292,76.92206609573569,
161,12,10001,2020-02-09 14:45:48.571392,False,True,Chu Sun King Home 60 Easy Buy Bundle,1200,6100,7.142857143,49.0,21244,2020-03-12 20:15:31.948990,2020-02-21 18:03:03.571392,ENABLED,UNLOCKED,21243.0,20 days 02:12:28.377598000,291.2875,853.99999998292,34.10860655805922,
174,13,10001,2019-08-02 16:51:35.571392,False,True,Roussel Fosera PSHS,2000,9200,11.9047619,72.0,26255,2020-03-12 20:18:11.859613,2020-02-26 20:52:44.571392,DISABLED,UNLOCKED,26254.0,14 days 23:25:27.288221000,4996.019166666667,772.8000003091199,646.4828111630771,
180,13,10001,2019-04-25 01:24:38.571392,False,True,Roussel Fosera PSHS,2000,9200,11.9047619,72.0,27472,2020-03-12 20:19:12.383229,2020-03-03 10:32:14.571392,DISABLED,UNLOCKED,27471.0,9 days 09:46:57.811837000,7521.126666666667,772.8000003091199,973.2306759392102,
170,13,10001,2019-09-09 16:51:01.571392,False,True,Roussel Fosera PSHS,2000,9200,11.9047619,72.0,91262,2020-03-12 21:59:20.031065,2020-03-07 17:43:40.571392,DISABLED,UNLOCKED,91261.0,5 days 04:15:39.459673000,4320.8775,772.8000003091199,559.1197590931223,
165,13,10001,2019-11-01 02:00:06.571392,False,True,Roussel Fosera PSHS,2000,9200,11.9047619,72.0,92099,2020-03-12 21:59:25.730486,2020-03-03 21:56:07.571392,DISABLED,UNLOCKED,92098.0,9 days 00:03:18.159094000,2971.933611111111,772.8000003091199,384.5669785096193,
163,13,10001,2019-12-07 08:07:43.571392,False,True,Roussel Fosera PSHS,2000,9200,11.9047619,72.0,92450,2020-03-12 21:59:30.701220,2020-03-06 21:27:31.571392,DISABLED,UNLOCKED,92449.0,6 days 00:31:59.129828000,2173.33,772.8000003091199,281.22800195790217,
186,14,10001,2019-08-20 13:13:51.571392,False,True,Vander Sun King Home 400 Easybuy GSM,2100,15000,12.5,258.0,29593,2020-03-12 20:20:24.039235,2020-03-03 04:45:00.571392,DISABLED,UNLOCKED,29592.0,9 days 15:35:23.467843000,4695.519166666667,1200.0,391.2932638888889,
187,14,10001,2019-08-26 04:24:56.571392,False,True,Vander Sun King Home 400 Easybuy GSM,2100,15000,12.5,258.0,29642,2020-03-12 20:20:35.415470,2020-02-22 20:44:56.571392,DISABLED,UNLOCKED,29641.0,18 days 23:35:38.844078000,4336.333333333333,1200.0,361.3611111111111,
188,14,10001,2019-10-12 16:38:56.571392,False,True,Vander Sun King Home 400 Easybuy GSM,2100,15000,12.5,258.0,29679,2020-03-12 20:20:44.600577,2020-02-27 23:53:31.571392,DISABLED,UNLOCKED,29678.0,13 days 20:27:13.029185000,3319.2430555555557,1200.0,276.60358796296293,
189,14,10001,2019-10-12 15:13:04.571392,False,True,Vander Sun King Home 400 Easybuy GSM,2100,15000,12.5,258.0,29714,2020-03-12 20:20:52.309582,2020-02-19 23:38:08.571392,DISABLED,UNLOCKED,29713.0,21 days 20:42:43.738190000,3128.4177777777777,1200.0,260.7014814814815,
190,14,10001,2019-11-11 07:37:53.571392,False,True,Vander Sun King Home 400 Easybuy GSM,2100,15000,12.5,258.0,29743,2020-03-12 20:21:00.308655,2020-03-02 06:38:00.571392,DISABLED,UNLOCKED,29742.0,10 days 13:42:59.737263000,2687.0019444444442,1200.0,223.91682870370371,
193,14,10001,2019-09-19 04:26:08.571392,False,True,Vander Sun King Home 400 Easybuy GSM,2100,15000,12.5,258.0,30992,2020-03-12 20:21:36.143263,2020-03-05 00:20:02.571392,DISABLED,UNLOCKED,30991.0,7 days 20:01:33.571871000,4027.8983333333335,1200.0,335.65819444444446,
197,15,10001,2019-12-27 20:14:22.571392,False,True,Alfaro Bright Move Smart,800,6000,4.7619047619999995,52.0,31771,2020-03-12 20:22:10.629969,2020-02-26 21:38:13.571392,DISABLED,UNLOCKED,31770.0,14 days 22:43:57.058577000,1465.3975,1259.9999999748002,116.30138889121491,
198,15,10001,2019-12-16 16:04:52.571392,False,True,Alfaro Bright Move Smart,800,6000,4.7619047619999995,52.0,31782,2020-03-12 20:22:17.011420,2020-02-22 02:46:10.571392,DISABLED,UNLOCKED,31781.0,19 days 17:36:06.440028000,1618.6883333333333,1259.9999999748002,128.46732804489736,
204,15,10001,2019-11-16 01:27:43.571392,False,True,Alfaro Bright Move Smart,800,6000,4.7619047619999995,52.0,91890,2020-03-12 21:59:24.404827,2020-03-06 01:10:13.571392,DISABLED,UNLOCKED,91889.0,6 days 20:49:10.833435000,2663.7083333333335,1259.9999999748002,211.40542328465136,
206,16,10001,2019-10-30 08:34:33.571392,False,True,Rae Sun King Home 120 Plus Easy Buy Bundle,1450,6600,8.630952381,51.5,32489,2020-03-12 20:23:17.511471,2020-03-03 10:45:58.571392,DISABLED,UNLOCKED,32488.0,9 days 09:37:18.940079000,3002.1902777777777,764.6896551681948,392.6024443363812,
212,16,10001,2019-10-31 06:43:15.571392,False,True,Rae Sun King Home 120 Plus Easy Buy Bundle,1450,6600,8.630952381,51.5,33334,2020-03-12 20:24:36.932544,2020-02-24 14:28:40.571392,DISABLED,UNLOCKED,33333.0,17 days 05:55:56.361152000,2791.7569444444443,764.6896551681948,365.08365525494037,
215,16,10001,2020-02-10 19:05:34.571392,False,True,Rae Sun King Home 120 Plus Easy Buy Bundle,1450,6600,8.630952381,51.5,33870,2020-03-12 20:25:14.066986,2020-03-01 23:27:31.571392,ENABLED,UNLOCKED,33869.0,10 days 20:57:42.495594000,484.36583333333334,764.6896551681948,63.34149155277853,
221,16,10001,2020-01-14 00:17:44.571392,False,True,Rae Sun King Home 120 Plus Easy Buy Bundle,1450,6600,8.630952381,51.5,34267,2020-03-12 20:25:58.635708,2020-03-01 09:42:16.571392,DISABLED,UNLOCKED,34266.0,11 days 10:43:42.064316000,1137.408888888889,764.6896551681948,148.7412417837291,
211,16,10001,2019-10-12 05:55:04.571392,False,True,Rae Sun King Home 120 Plus Easy Buy Bundle,1450,6600,8.630952381,51.5,92487,2020-03-12 21:59:30.900104,2020-03-05 19:24:18.571392,DISABLED,UNLOCKED,92486.0,7 days 02:35:12.328712000,3493.487222222222,764.6896551681948,456.85033119139337,
226,16,10001,2019-11-04 05:24:18.571392,False,True,Rae Sun King Home 120 Plus Easy Buy Bundle,1450,6600,8.630952381,51.5,92833,2020-03-12 21:59:35.760497,2020-03-08 04:29:51.571392,DISABLED,UNLOCKED,92832.0,4 days 17:29:44.189105000,2999.0925,764.6896551681948,392.19734172294307,
228,17,10001,2019-12-06 12:31:22.571392,False,True,Sherina Futurepump,1350,6100,8.035714286000001,95.0,35512,2020-03-12 20:27:00.978918,2020-02-26 14:23:40.571392,DISABLED,UNLOCKED,35511.0,15 days 06:03:20.407526000,1969.8716666666667,759.1111110841204,259.49714579376996,
231,17,10001,2019-11-02 23:21:51.571392,False,True,Sherina Futurepump,1350,6100,8.035714286000001,95.0,35843,2020-03-12 20:27:21.629522,2020-02-20 17:07:12.571392,DISABLED,UNLOCKED,35842.0,21 days 03:20:09.058130000,2633.755833333333,759.1111110841204,346.95261271725417,
233,17,10001,2019-08-24 19:37:53.571392,False,True,Sherina Futurepump,1350,6100,8.035714286000001,95.0,36392,2020-03-12 20:27:44.874420,2020-02-27 13:12:15.571392,DISABLED,UNLOCKED,36391.0,14 days 07:15:29.303028000,4481.572777777777,759.1111110841204,590.3711212153704,
234,17,10001,2019-09-10 05:20:00.571392,False,True,Sherina Futurepump,1350,6100,8.035714286000001,95.0,36439,2020-03-12 20:27:55.325706,2020-03-01 05:10:34.571392,DISABLED,UNLOCKED,36438.0,11 days 15:17:20.754314000,4151.842777777778,759.1111110841204,546.9347921740134,
237,17,10001,2019-12-18 14:19:55.571392,False,True,Sherina Futurepump,1350,6100,8.035714286000001,95.0,36786,2020-03-12 20:28:16.203147,2020-03-02 03:24:03.571392,DISABLED,UNLOCKED,36785.0,10 days 17:04:12.631755000,1789.068888888889,759.1111110841204,235.6794496570917,
238,17,10001,2019-09-12 23:11:52.571392,False,True,Sherina Futurepump,1350,6100,8.035714286000001,95.0,36831,2020-03-12 20:28:26.604075,2020-02-26 23:45:23.571392,DISABLED,UNLOCKED,36830.0,14 days 20:43:03.032683000,4008.558611111111,759.1111110841204,528.0595360258013,
241,17,10001,2019-10-17 20:37:54.571392,False,True,Sherina Futurepump,1350,6100,8.035714286000001,95.0,92132,2020-03-12 21:59:25.995474,2020-03-04 14:14:00.571392,DISABLED,UNLOCKED,92131.0,8 days 07:45:25.424082000,3329.6016666666665,759.1111110841204,438.6184865495532,
235,17,10001,2019-12-03 15:45:10.571392,False,True,Sherina Futurepump,1350,6100,8.035714286000001,95.0,93028,2020-03-12 21:59:37.144572,2020-03-08 12:42:39.571392,DISABLED,UNLOCKED,93027.0,4 days 09:16:57.573180000,2300.9580555555553,759.1111110841204,303.1121560412223,
249,18,10001,2020-01-18 12:00:36.571392,False,True,Sherina Sun King Boom Easy Buy,650,5600,3.869047619,49.5,38945,2020-03-12 20:29:51.715378,2020-02-21 17:58:35.571392,ENABLED,UNLOCKED,38944.0,20 days 02:31:16.143986000,821.9663888888889,1447.3846154024295,56.78976963979613,
255,18,10001,2020-02-19 07:13:32.571392,False,True,Sherina Sun King Boom Easy Buy,650,5600,3.869047619,49.5,39215,2020-03-12 20:30:19.634841,2020-03-04 02:38:23.571392,ENABLED,UNLOCKED,39214.0,8 days 17:51:56.063449000,331.4141666666667,1447.3846154024295,22.897449865080997,
259,18,10001,2019-11-13 03:01:36.571392,False,True,Sherina Sun King Boom Easy Buy,650,5600,3.869047619,49.5,39456,2020-03-12 20:30:46.199875,2020-03-01 19:26:48.571392,DISABLED,UNLOCKED,39455.0,11 days 01:03:57.628483000,2632.42,1447.3846154024295,181.87425595014247,
260,18,10001,2019-11-24 16:05:19.571392,False,True,Sherina Sun King Boom Easy Buy,650,5600,3.869047619,49.5,39479,2020-03-12 20:30:53.564925,2020-02-29 07:59:22.571392,DISABLED,UNLOCKED,39478.0,12 days 12:31:30.993533000,2319.900833333333,1447.3846154024295,160.2822642057937,
262,18,10001,2020-02-07 19:54:35.571392,False,True,Sherina Sun King Boom Easy Buy,650,5600,3.869047619,49.5,39559,2020-03-12 20:31:01.297844,2020-02-26 14:36:32.571392,ENABLED,UNLOCKED,39558.0,15 days 05:54:28.726452000,450.69916666666666,1447.3846154024295,31.138866744231258,
263,18,10001,2019-11-11 09:46:37.571392,False,True,Sherina Sun King Boom Easy Buy,650,5600,3.869047619,49.5,39586,2020-03-12 20:31:10.698170,2020-02-28 09:56:05.571392,DISABLED,UNLOCKED,39585.0,13 days 10:35:05.126778000,2616.157777777778,1447.3846154024295,180.75069680427575,
267,18,10001,2019-11-06 10:13:53.571392,False,True,Sherina Sun King Boom Easy Buy,650,5600,3.869047619,49.5,39955,2020-03-12 20:31:39.551837,2020-03-02 10:54:33.571392,DISABLED,UNLOCKED,39954.0,10 days 09:37:05.980445000,2808.677777777778,1447.3846154024295,194.05192979730933,
269,19,10001,2019-10-14 23:17:54.571392,False,True,Loa JUA Home Mate H2G,550,5400,3.273809524,97.0,39994,2020-03-12 20:31:52.627007,2020-02-29 12:02:55.571392,DISABLED,UNLOCKED,39993.0,12 days 08:28:57.055615000,3300.7502777777777,1649.4545453585772,200.111623995084,
273,19,10001,2019-10-14 03:58:02.571392,False,True,Loa JUA Home Mate H2G,550,5400,3.273809524,97.0,40371,2020-03-12 20:32:25.206731,2020-03-01 18:09:34.571392,DISABLED,UNLOCKED,40370.0,11 days 02:22:50.635339000,3350.1922222222224,1649.4545453585772,203.10909637670065,
274,19,10001,2019-08-20 19:14:19.571392,False,True,Loa JUA Home Mate H2G,550,5400,3.273809524,97.0,40422,2020-03-12 20:32:37.574731,2020-02-24 04:49:32.571392,DISABLED,UNLOCKED,40421.0,17 days 15:43:05.003339000,4497.586944444444,1649.4545453585772,272.67116618037556,
275,19,10001,2019-10-10 01:23:38.571392,False,True,Loa JUA Home Mate H2G,550,5400,3.273809524,97.0,40459,2020-03-12 20:32:47.209954,2020-02-24 08:39:30.571392,DISABLED,UNLOCKED,40458.0,17 days 11:53:16.638562000,3295.2644444444445,1649.4545453585772,199.7790393022369,
280,19,10001,2019-10-16 06:32:49.571392,False,True,Loa JUA Home Mate H2G,550,5400,3.273809524,97.0,42212,2020-03-12 20:33:46.295865,2020-02-25 04:50:08.571392,DISABLED,UNLOCKED,42211.0,16 days 15:43:37.724473000,3166.288611111111,1649.4545453585772,191.95973723682013,
281,19,10001,2020-02-11 13:26:21.571392,False,True,Loa JUA Home Mate H2G,550,5400,3.273809524,97.0,42214,2020-03-12 20:33:48.418008,2020-02-29 20:04:01.571392,ENABLED,UNLOCKED,42213.0,12 days 00:29:46.846616000,438.6277777777778,1649.4545453585772,26.592292525552676,
287,19,10001,2019-08-11 06:22:50.571392,False,True,Loa JUA Home Mate H2G,550,5400,3.273809524,97.0,44225,2020-03-12 20:35:11.464075,2020-02-29 15:27:55.571392,DISABLED,UNLOCKED,44224.0,12 days 05:07:15.892683000,4857.084722222222,1649.4545453585772,294.46611523122226,
276,19,10001,2020-02-09 08:25:40.571392,False,True,Loa JUA Home Mate H2G,550,5400,3.273809524,97.0,91298,2020-03-12 21:59:20.463244,2020-03-07 00:04:29.571392,ENABLED,UNLOCKED,91297.0,5 days 21:54:50.891852000,639.6469444444444,1649.4545453585772,38.77930108740224,
283,19,10001,2019-11-04 00:56:20.571392,False,True,Loa JUA Home Mate H2G,550,5400,3.273809524,97.0,91987,2020-03-12 21:59:25.060429,2020-03-06 07:01:50.571392,DISABLED,UNLOCKED,91986.0,6 days 14:57:34.489037000,2958.0916666666667,1649.4545453585772,179.33756798515495,
290,20,10001,2019-10-18 13:10:26.571392,False,True,Rae Bright Sun Bell,1000,5600,5.952380952,92.0,45374,2020-03-12 20:35:53.369024,2020-02-27 04:46:59.571392,DISABLED,UNLOCKED,45373.0,14 days 15:48:53.797632000,3159.6091666666666,940.8000000602111,335.8428110612725,
294,20,10001,2019-10-05 05:58:27.571392,False,True,Rae Bright Sun Bell,1000,5600,5.952380952,92.0,45919,2020-03-12 20:36:28.235961,2020-02-28 20:08:50.571392,DISABLED,UNLOCKED,45918.0,13 days 00:27:37.664569000,3518.1730555555555,940.8000000602111,373.9554693165809,
300,20,10001,2019-11-14 07:25:25.571392,False,True,Rae Bright Sun Bell,1000,5600,5.952380952,92.0,46830,2020-03-12 20:37:23.081877,2020-03-05 00:50:48.571392,DISABLED,UNLOCKED,46829.0,7 days 19:46:34.510485000,2681.4230555555555,940.8000000602111,285.01520571683085,
291,20,10001,2019-11-13 08:18:30.571392,False,True,Rae Bright Sun Bell,1000,5600,5.952380952,92.0,92275,2020-03-12 21:59:27.157900,2020-03-11 02:25:03.571392,DISABLED,UNLOCKED,92274.0,1 days 19:34:23.586508000,2850.1091666666666,940.8000000602111,302.9452770497725,
301,21,10001,2019-12-18 17:03:21.571392,False,True,Chu JUA Home Mate H1G,850,6400,5.05952381,111.0,46847,2020-03-12 20:37:30.025491,2020-03-04 14:39:30.571392,DISABLED,UNLOCKED,46846.0,8 days 05:57:59.454099000,1845.6025,1264.941176351535,145.9042155085238,
306,21,10001,2019-12-23 04:17:55.571392,False,True,Chu JUA Home Mate H1G,850,6400,5.05952381,111.0,47092,2020-03-12 20:38:02.529236,2020-02-29 12:20:30.571392,DISABLED,UNLOCKED,47091.0,12 days 08:17:31.957844000,1640.0430555555556,1264.941176351535,129.6537013907576,
307,21,10001,2019-12-24 20:07:44.571392,False,True,Chu JUA Home Mate H1G,850,6400,5.05952381,111.0,47103,2020-03-12 20:38:09.308100,2020-02-25 04:42:40.571392,DISABLED,UNLOCKED,47102.0,16 days 15:55:28.736708000,1496.5822222222223,1264.941176351535,118.3123966711882,
308,21,10001,2019-12-17 21:18:16.571392,False,True,Chu JUA Home Mate H1G,850,6400,5.05952381,111.0,47120,2020-03-12 20:38:16.904537,2020-03-02 22:19:57.571392,DISABLED,UNLOCKED,47119.0,9 days 22:18:19.333145000,1825.0280555555555,1264.941176351535,144.27770157814587,
305,21,10001,2020-01-13 22:41:34.571392,False,True,Chu JUA Home Mate H1G,850,6400,5.05952381,111.0,91147,2020-03-12 21:59:19.238470,2020-03-09 11:23:48.571392,ENABLED,UNLOCKED,91146.0,3 days 10:35:30.667078000,1332.703888888889,1264.941176351535,105.35698527363951,
303,21,10001,2020-01-10 10:46:57.571392,False,True,Chu JUA Home Mate H1G,850,6400,5.05952381,111.0,91455,2020-03-12 21:59:21.446284,2020-03-05 17:34:24.571392,DISABLED,UNLOCKED,91454.0,7 days 04:24:56.874892000,1326.7908333333332,1264.941176351535,104.88952831468346,
302,21,10001,2020-02-05 07:47:55.571392,False,True,Chu JUA Home Mate H1G,850,6400,5.05952381,111.0,91653,2020-03-12 21:59:23.002612,2020-03-09 18:07:59.571392,ENABLED,UNLOCKED,91652.0,3 days 03:51:23.431220000,802.3344444444444,1264.941176351535,63.428597269527955,
311,21,10001,2020-02-02 03:45:17.571392,False,True,Chu JUA Home Mate H1G,850,6400,5.05952381,111.0,93150,2020-03-12 21:59:38.118343,2020-03-05 16:59:20.571392,ENABLED,UNLOCKED,93149.0,7 days 05:00:17.546951000,781.2341666666666,1264.941176351535,61.76051355367981,
313,22,10001,2020-02-16 10:55:23.571392,False,True,Luvsan WOWsolar100,600,6100,3.571428571,55.0,47402,2020-03-12 20:38:45.177841,2020-02-28 02:27:22.571392,ENABLED,UNLOCKED,47401.0,13 days 18:11:22.606449000,279.53305555555556,1708.0000002049599,16.366103953279367,
317,22,10001,2019-12-25 23:48:04.571392,False,True,Luvsan WOWsolar100,600,6100,3.571428571,55.0,47606,2020-03-12 20:39:08.126935,2020-03-04 04:56:18.571392,ENABLED,UNLOCKED,47605.0,8 days 15:42:49.555543000,1661.1372222222221,1708.0000002049599,97.25627763600035,
318,22,10001,2019-11-30 15:30:20.571392,False,True,Luvsan WOWsolar100,600,6100,3.571428571,55.0,47621,2020-03-12 20:39:20.170851,2020-02-22 11:19:12.571392,DISABLED,UNLOCKED,47620.0,19 days 09:20:07.599459000,2011.8144444444445,1708.0000002049599,117.78773092523576,
319,22,10001,2019-12-20 07:11:43.571392,False,True,Luvsan WOWsolar100,600,6100,3.571428571,55.0,47623,2020-03-12 20:39:22.425802,2020-02-26 11:21:17.571392,ENABLED,UNLOCKED,47622.0,15 days 09:18:04.854410000,1636.1594444444445,1708.0000002049599,95.79387846885864,
324,23,10001,2019-11-04 11:30:01.571392,False,True,Alfaro Polar Non-metered Product,1200,6100,7.142857143,49.0,47872,2020-03-12 20:40:01.313981,2020-03-01 03:39:02.571392,DISABLED,UNLOCKED,47871.0,11 days 17:00:58.742589000,2824.150277777778,853.99999998292,330.6967538447612,
325,23,10001,2019-12-31 23:35:17.571392,False,True,Alfaro Polar Non-metered Product,1200,6100,7.142857143,49.0,47885,2020-03-12 20:40:07.129421,2020-02-24 23:56:30.571392,DISABLED,UNLOCKED,47884.0,16 days 20:43:36.558029000,1320.3536111111111,853.99999998292,154.60815118706302,
330,23,10001,2019-12-05 16:56:30.571392,False,True,Alfaro Polar Non-metered Product,1200,6100,7.142857143,49.0,48272,2020-03-12 20:40:40.361719,2020-02-25 03:26:31.571392,DISABLED,UNLOCKED,48271.0,16 days 17:14:08.790327000,1954.5002777777777,853.99999998292,228.8642011495161,
332,23,10001,2019-10-29 15:31:44.571392,False,True,Alfaro Polar Non-metered Product,1200,6100,7.142857143,49.0,48323,2020-03-12 20:40:53.530488,2020-02-29 18:13:25.571392,DISABLED,UNLOCKED,48322.0,12 days 02:27:27.959096000,2954.694722222222,853.99999998292,345.98298855753114,
333,23,10001,2019-11-12 20:02:15.571392,False,True,Alfaro Polar Non-metered Product,1200,6100,7.142857143,49.0,48352,2020-03-12 20:41:02.204036,2020-03-01 14:07:05.571392,DISABLED,UNLOCKED,48351.0,11 days 06:33:56.632644000,2634.0805555555557,853.99999998292,308.44034608995753,
334,23,10001,2019-11-09 12:03:17.571392,False,True,Alfaro Polar Non-metered Product,1200,6100,7.142857143,49.0,48379,2020-03-12 20:41:10.491577,2020-02-21 00:49:40.571392,DISABLED,UNLOCKED,48378.0,20 days 19:51:29.920185000,2484.7730555555554,853.99999998292,290.9570322722776,
335,23,10001,2019-11-23 06:34:53.571392,False,True,Alfaro Polar Non-metered Product,1200,6100,7.142857143,49.0,48402,2020-03-12 20:41:17.649535,2020-02-20 13:58:03.571392,DISABLED,UNLOCKED,48401.0,21 days 06:43:14.078143000,2143.386111111111,853.99999998292,250.98198022880308,
336,23,10001,2020-01-20 14:15:23.571392,False,True,Alfaro Polar Non-metered Product,1200,6100,7.142857143,49.0,48407,2020-03-12 20:41:22.463016,2020-02-21 22:57:59.571392,DISABLED,UNLOCKED,48406.0,19 days 21:43:22.891624000,776.71,853.99999998292,90.94964871376278,
338,23,10001,2020-02-12 04:17:55.571392,False,True,Alfaro Polar Non-metered Product,1200,6100,7.142857143,49.0,48477,2020-03-12 20:41:31.565967,2020-03-03 17:06:01.571392,ENABLED,UNLOCKED,48476.0,9 days 03:35:29.994575000,492.8016666666667,853.99999998292,57.70511319397221,
340,23,10001,2019-11-18 23:54:02.571392,False,True,Alfaro Polar Non-metered Product,1200,6100,7.142857143,49.0,90335,2020-03-12 21:59:12.249388,2020-03-09 04:55:57.571392,DISABLED,UNLOCKED,90334.0,3 days 17:03:14.677996000,2669.0319444444444,853.99999998292,312.53301457819964,
345,24,10001,2020-01-27 16:57:13.571392,False,True,Siola'a Omnivoltaic Camp,1200,5500,7.142857143,43.0,49203,2020-03-12 20:42:18.079590,2020-02-22 22:33:09.571392,ENABLED,UNLOCKED,49202.0,18 days 22:09:08.508198000,629.5988888888888,769.9999999846001,81.76608946772477,
348,24,10001,2020-01-26 17:36:25.571392,False,True,Siola'a Omnivoltaic Camp,1200,5500,7.142857143,43.0,49313,2020-03-12 20:42:36.075180,2020-02-21 16:06:15.571392,ENABLED,UNLOCKED,49312.0,20 days 04:36:20.503788000,622.4972222222223,769.9999999846001,80.84379509541196,
353,24,10001,2020-01-06 21:18:51.571392,False,True,Siola'a Omnivoltaic Camp,1200,5500,7.142857143,43.0,49664,2020-03-12 20:43:13.080434,2020-03-02 17:52:00.571392,DISABLED,UNLOCKED,49663.0,10 days 02:51:12.509042000,1340.5525,769.9999999846001,174.0977272762092,
354,24,10001,2020-01-26 17:55:27.571392,False,True,Siola'a Omnivoltaic Camp,1200,5500,7.142857143,43.0,49667,2020-03-12 20:43:18.266341,2020-02-29 23:48:56.571392,DISABLED,UNLOCKED,49666.0,11 days 20:54:21.694949000,821.8913888888889,769.9999999846001,106.73914141627618,
349,24,10001,2019-12-12 19:18:21.571392,False,True,Siola'a Omnivoltaic Camp,1200,5500,7.142857143,43.0,90283,2020-03-12 21:59:11.868451,2020-03-12 01:08:02.571392,DISABLED,UNLOCKED,90282.0,0 days 20:51:09.297059000,2165.8280555555557,769.9999999846001,281.2763708569963,
352,24,10001,2019-12-22 12:40:16.571392,False,True,Siola'a Omnivoltaic Camp,1200,5500,7.142857143,43.0,92328,2020-03-12 21:59:29.737623,2020-03-06 16:33:31.571392,DISABLED,UNLOCKED,92327.0,6 days 05:25:58.166231000,1803.8875,769.9999999846001,234.27110390078929,
346,24,10001,2019-12-31 01:50:48.571392,False,True,Siola'a Omnivoltaic Camp,1200,5500,7.142857143,43.0,93256,2020-03-12 21:59:40.527158,2020-03-08 22:06:21.571392,DISABLED,UNLOCKED,93255.0,3 days 23:53:18.955766000,1652.2591666666667,769.9999999846001,214.5791125584041,
355,25,10001,2019-09-18 06:47:36.571392,False,True,Harald WOWsolarTV Bundle,650,6100,3.869047619,109.0,49712,2020-03-12 20:43:33.131077,2020-03-02 07:08:56.571392,DISABLED,UNLOCKED,49711.0,10 days 13:34:36.559685000,3984.3555555555554,1576.6153846347893,252.7157602536335,
359,25,10001,2019-09-20 06:40:10.571392,False,True,Harald WOWsolarTV Bundle,650,6100,3.869047619,109.0,50261,2020-03-12 20:44:21.607596,2020-02-26 03:24:52.571392,DISABLED,UNLOCKED,50260.0,15 days 17:19:29.036204000,3812.745,1576.6153846347893,241.83101580498612,
363,25,10001,2019-11-27 06:14:43.571392,False,True,Harald WOWsolarTV Bundle,650,6100,3.869047619,109.0,51314,2020-03-12 20:45:19.724191,2020-02-25 01:19:35.571392,DISABLED,UNLOCKED,51313.0,16 days 19:25:44.152799000,2155.081111111111,1576.6153846347893,136.69035150321832,
368,25,10001,2019-09-02 05:01:42.571392,False,True,Harald WOWsolarTV Bundle,650,6100,3.869047619,109.0,51933,2020-03-12 20:46:23.215390,2020-02-21 16:13:18.571392,DISABLED,UNLOCKED,51932.0,20 days 04:33:04.643998000,4139.193333333334,1576.6153846347893,262.53665755596734,
373,25,10001,2019-10-01 20:12:29.571392,False,True,Harald WOWsolarTV Bundle,650,6100,3.869047619,109.0,52688,2020-03-12 20:47:30.707687,2020-02-23 12:06:50.571392,DISABLED,UNLOCKED,52687.0,18 days 08:40:40.136295000,3471.9058333333332,1576.6153846347893,220.21260652214005,
366,25,10001,2019-11-29 20:45:20.571392,False,True,Harald WOWsolarTV Bundle,650,6100,3.869047619,109.0,90360,2020-03-12 21:59:12.461941,2020-03-04 23:15:26.571392,DISABLED,UNLOCKED,90359.0,7 days 22:43:45.890549000,2306.5016666666666,1576.6153846347893,146.29450461698684,
376,26,10001,2020-03-01 01:52:12.571392,False,True,Bujeg Fosera LSHS,950,9100,5.654761905,81.5,52938,2020-03-12 20:47:55.844319,2020-03-07 09:44:05.571392,ENABLED,UNLOCKED,52937.0,5 days 11:03:50.272927000,151.8647222222222,1609.2631578269784,9.436910394897023,
379,26,10001,2020-02-28 23:30:10.571392,False,True,Bujeg Fosera LSHS,950,9100,5.654761905,81.5,52946,2020-03-12 20:48:07.453337,2020-03-04 06:20:42.571392,ENABLED,UNLOCKED,52945.0,8 days 14:27:24.881945000,102.84222222222222,1609.2631578269784,6.390640444480952,
380,26,10001,2020-02-25 14:05:38.571392,False,True,Bujeg Fosera LSHS,950,9100,5.654761905,81.5,52948,2020-03-12 20:48:10.925898,2020-03-09 12:20:42.571392,ENABLED,UNLOCKED,52947.0,3 days 08:27:28.354506000,310.25111111111113,1609.2631578269784,19.27907872631905,
384,26,10001,2020-02-26 23:17:11.571392,False,True,Bujeg Fosera LSHS,950,9100,5.654761905,81.5,52958,2020-03-12 20:48:24.606560,2020-03-10 02:04:09.571392,ENABLED,UNLOCKED,52957.0,2 days 18:44:15.035168000,290.78277777777777,1609.2631578269784,18.06931180667976,
385,26,10001,2020-02-20 04:33:40.571392,False,True,Bujeg Fosera LSHS,950,9100,5.654761905,81.5,52960,2020-03-12 20:48:28.027724,2020-02-25 05:49:05.571392,ENABLED,UNLOCKED,52959.0,16 days 14:59:22.456332000,121.25694444444444,1609.2631578269784,7.534935716056547,
389,26,10001,2020-02-18 20:07:10.571392,False,True,Bujeg Fosera LSHS,950,9100,5.654761905,81.5,52974,2020-03-12 20:48:42.727648,2020-03-02 03:36:36.571392,ENABLED,UNLOCKED,52973.0,10 days 17:12:06.156256000,295.49055555555555,1609.2631578269784,18.361854251020237,
390,26,10001,2020-02-24 15:23:13.571392,False,True,Bujeg Fosera LSHS,950,9100,5.654761905,81.5,52976,2020-03-12 20:48:46.467777,2020-03-06 16:08:40.571392,ENABLED,UNLOCKED,52975.0,6 days 04:40:05.896385000,264.7575,1609.2631578269784,16.4520947809125,
391,26,10001,2020-02-23 19:12:19.571392,False,True,Bujeg Fosera LSHS,950,9100,5.654761905,81.5,52978,2020-03-12 20:48:50.174243,2020-03-07 19:42:28.571392,ENABLED,UNLOCKED,52977.0,5 days 01:06:21.602851000,312.5025,1609.2631578269784,19.41898057381607,
397,26,10001,2020-03-02 09:00:42.571392,False,True,Bujeg Fosera LSHS,950,9100,5.654761905,81.5,52996,2020-03-12 20:49:11.876069,2020-03-08 10:44:41.571392,ENABLED,UNLOCKED,52995.0,4 days 10:04:30.304677000,145.73305555555555,1609.2631578269784,9.055887152250595,
401,26,10001,2020-02-25 12:18:46.571392,False,True,Bujeg Fosera LSHS,950,9100,5.654761905,81.5,53008,2020-03-12 20:49:28.850973,2020-03-07 20:52:55.571392,ENABLED,UNLOCKED,53007.0,4 days 23:56:33.279581000,272.56916666666666,1609.2631578269784,16.93751362795893,
405,26,10001,2020-02-25 00:05:43.571392,False,True,Bujeg Fosera LSHS,950,9100,5.654761905,81.5,53018,2020-03-12 20:49:44.814420,2020-03-08 03:26:03.571392,ENABLED,UNLOCKED,53017.0,4 days 17:23:41.243028000,291.3388888888889,1609.2631578269784,18.103868684988097,
407,26,10001,2020-03-05 18:36:21.571392,False,True,Bujeg Fosera LSHS,950,9100,5.654761905,81.5,53022,2020-03-12 20:49:52.211913,2020-03-11 01:37:42.571392,ENABLED,UNLOCKED,53021.0,1 days 19:12:09.640521000,127.0225,1609.2631578269784,7.893208726130357,
411,26,10001,2020-03-03 18:25:35.571392,False,True,Bujeg Fosera LSHS,950,9100,5.654761905,81.5,53034,2020-03-12 20:50:07.228465,2020-03-08 20:05:12.571392,ENABLED,UNLOCKED,53033.0,4 days 00:44:54.657073000,121.66027777777778,1609.2631578269784,7.559998946477976,
414,26,10001,2020-02-20 21:13:21.571392,False,True,Bujeg Fosera LSHS,950,9100,5.654761905,81.5,53042,2020-03-12 20:50:19.033671,2020-03-04 12:43:01.571392,ENABLED,UNLOCKED,53041.0,8 days 08:07:17.462279000,303.49444444444447,1609.2631578269784,18.85921783322619,
420,27,10001,2020-03-01 17:06:44.571392,False,True,Anjanie Omnivoltaic Pilot Bluetooth,950,5400,5.654761905,89.0,53056,2020-03-12 20:50:41.256900,2020-03-08 12:14:50.571392,ENABLED,UNLOCKED,53055.0,4 days 08:35:50.685508000,163.135,954.9473683808443,17.083140432818055,
421,27,10001,2020-02-24 14:35:50.571392,False,True,Anjanie Omnivoltaic Pilot Bluetooth,950,5400,5.654761905,89.0,53058,2020-03-12 20:50:45.065716,2020-03-06 17:06:13.571392,ENABLED,UNLOCKED,53057.0,6 days 03:44:31.494324000,266.50638888888886,954.9473683808443,27.90796620977785,
423,27,10001,2020-02-19 05:49:19.571392,False,True,Anjanie Omnivoltaic Pilot Bluetooth,950,5400,5.654761905,89.0,53062,2020-03-12 20:50:52.959246,2020-03-03 06:06:11.571392,ENABLED,UNLOCKED,53061.0,9 days 14:44:41.387854000,312.2811111111111,954.9473683808443,32.7013950141145,
424,27,10001,2020-02-23 19:19:45.571392,False,True,Anjanie Omnivoltaic Pilot Bluetooth,950,5400,5.654761905,89.0,53064,2020-03-12 20:50:57.296710,2020-03-08 04:49:13.571392,ENABLED,UNLOCKED,53063.0,4 days 16:01:43.725318000,321.49111111111114,954.9473683808443,33.665846072356175,
430,27,10001,2020-02-17 00:59:07.571392,False,True,Anjanie Omnivoltaic Pilot Bluetooth,950,5400,5.654761905,89.0,53082,2020-03-12 20:51:21.300352,2020-02-28 20:00:09.571392,ENABLED,UNLOCKED,53081.0,13 days 00:51:11.728960000,283.01722222222224,954.9473683808443,29.636944568169294,
431,27,10001,2020-02-15 17:48:57.571392,False,True,Anjanie Omnivoltaic Pilot Bluetooth,950,5400,5.654761905,89.0,53084,2020-03-12 20:51:25.486731,2020-02-21 19:59:52.571392,ENABLED,UNLOCKED,53083.0,20 days 00:51:32.915339000,146.18194444444444,954.9473683808443,15.307853530430943,
433,27,10001,2020-02-24 05:02:53.571392,False,True,Anjanie Omnivoltaic Pilot Bluetooth,950,5400,5.654761905,89.0,53090,2020-03-12 20:51:32.633155,2020-03-08 12:12:52.571392,ENABLED,UNLOCKED,53089.0,4 days 08:38:40.061763000,319.1663888888889,954.9473683808443,33.42240624528341,
434,27,10001,2020-03-05 12:00:07.571392,False,True,Anjanie Omnivoltaic Pilot Bluetooth,950,5400,5.654761905,89.0,53092,2020-03-12 20:51:36.502152,2020-03-09 23:23:36.571392,ENABLED,UNLOCKED,53091.0,2 days 21:27:59.930760000,107.39138888888888,954.9473683808443,11.245791385443132,
435,27,10001,2020-02-18 17:41:54.571392,False,True,Anjanie Omnivoltaic Pilot Bluetooth,950,5400,5.654761905,89.0,53094,2020-03-12 20:51:40.434205,2020-02-24 00:00:49.571392,ENABLED,UNLOCKED,53093.0,17 days 20:50:50.862813000,126.31527777777778,954.9473683808443,13.227459644393905,
447,27,10001,2020-02-20 05:00:34.571392,False,True,Anjanie Omnivoltaic Pilot Bluetooth,950,5400,5.654761905,89.0,53134,2020-03-12 20:52:26.270355,2020-02-24 19:01:15.571392,ENABLED,UNLOCKED,53133.0,17 days 01:51:10.698963000,110.01138888888889,954.9473683808443,11.520152055648689,
452,27,10001,2020-02-27 02:21:56.571392,False,True,Anjanie Omnivoltaic Pilot Bluetooth,950,5400,5.654761905,89.0,53148,2020-03-12 20:52:48.214427,2020-03-10 16:31:14.571392,ENABLED,UNLOCKED,53147.0,2 days 04:21:33.643035000,302.155,954.9473683808443,31.64101080380139,
453,27,10001,2020-02-18 04:34:32.571392,False,True,Anjanie Omnivoltaic Pilot Bluetooth,950,5400,5.654761905,89.0,53150,2020-03-12 20:52:52.531238,2020-03-02 00:37:39.571392,ENABLED,UNLOCKED,53149.0,10 days 20:15:12.959846000,308.0519444444444,954.9473683808443,32.258525929733715,
454,27,10001,2020-02-22 10:33:33.571392,False,True,Anjanie Omnivoltaic Pilot Bluetooth,950,5400,5.654761905,89.0,53152,2020-03-12 20:52:56.908117,2020-03-06 14:21:32.571392,ENABLED,UNLOCKED,53151.0,6 days 06:31:24.336725000,315.7997222222222,954.9473683808443,33.06985627466304,
456,27,10001,2020-02-17 07:59:34.571392,False,True,Anjanie Omnivoltaic Pilot Bluetooth,950,5400,5.654761905,89.0,53156,2020-03-12 20:53:05.489159,2020-02-29 13:43:00.571392,ENABLED,UNLOCKED,53155.0,12 days 07:10:04.917767000,293.7238888888889,954.9473683808443,30.75812328661744,
458,28,10001,2020-02-24 10:27:13.571392,False,True,Siola'a Polar PAYG Product,1000,6100,5.952380952,51.0,53162,2020-03-12 20:53:14.609559,2020-03-07 01:36:10.571392,ENABLED,UNLOCKED,53161.0,5 days 19:17:04.038167000,279.14916666666664,1024.800000065587,27.239380039890822,
460,28,10001,2020-02-27 11:30:10.571392,False,True,Siola'a Polar PAYG Product,1000,6100,5.952380952,51.0,53166,2020-03-12 20:53:21.848839,2020-03-12 08:29:04.571392,ENABLED,UNLOCKED,53165.0,0 days 12:24:17.277447000,332.9816666666667,1024.800000065587,32.49235623003083,
462,28,10001,2020-02-25 16:56:54.571392,False,True,Siola'a Polar PAYG Product,1000,6100,5.952380952,51.0,53170,2020-03-12 20:53:29.912989,2020-03-10 13:58:17.571392,ENABLED,UNLOCKED,53169.0,2 days 06:55:12.341597000,333.0230555555556,1024.800000065587,32.496394958454545,
467,28,10001,2020-02-24 08:28:30.571392,False,True,Siola'a Polar PAYG Product,1000,6100,5.952380952,51.0,53180,2020-03-12 20:53:47.919588,2020-03-06 15:38:47.571392,ENABLED,UNLOCKED,53179.0,6 days 05:15:00.348196000,271.1713888888889,1024.800000065587,26.46090835982962,
474,28,10001,2020-02-21 17:43:16.571392,False,True,Siola'a Polar PAYG Product,1000,6100,5.952380952,51.0,53200,2020-03-12 20:54:16.928511,2020-03-04 04:35:29.571392,ENABLED,UNLOCKED,53199.0,8 days 16:18:47.357119000,274.8702777777778,1024.800000065587,26.821845995334325,
476,28,10001,2020-03-05 11:40:37.571392,False,True,Siola'a Polar PAYG Product,1000,6100,5.952380952,51.0,53204,2020-03-12 20:54:24.593656,2020-03-09 15:50:50.571392,ENABLED,UNLOCKED,53203.0,3 days 05:03:34.022264000,100.17027777777778,1024.800000065587,9.774617268868745,
478,28,10001,2020-02-24 01:39:11.571392,False,True,Siola'a Polar PAYG Product,1000,6100,5.952380952,51.0,53208,2020-03-12 20:54:32.168377,2020-03-06 09:15:02.571392,ENABLED,UNLOCKED,53207.0,6 days 11:39:29.596985000,271.5975,1024.800000065587,26.502488288701976,
479,28,10001,2020-02-26 14:52:29.571392,False,True,Siola'a Polar PAYG Product,1000,6100,5.952380952,51.0,53210,2020-03-12 20:54:36.784239,2020-03-10 15:24:28.571392,ENABLED,UNLOCKED,53209.0,2 days 05:30:08.212847000,312.53305555555556,1024.800000065587,30.49698043867618,
485,28,10001,2020-02-28 19:03:11.571392,False,True,Siola'a Polar PAYG Product,1000,6100,5.952380952,51.0,53226,2020-03-12 20:55:01.338556,2020-03-04 15:38:39.571392,ENABLED,UNLOCKED,53225.0,8 days 05:16:21.767164000,116.5911111111111,1024.800000065587,11.37696244180809,
486,28,10001,2020-02-24 22:59:01.571392,False,True,Siola'a Polar PAYG Product,1000,6100,5.952380952,51.0,53228,2020-03-12 20:55:06.155834,2020-03-08 08:36:57.571392,ENABLED,UNLOCKED,53227.0,4 days 12:18:08.584442000,297.6322222222222,1024.800000065587,29.0429568894588,
495,28,10001,2020-03-01 00:20:13.571392,False,True,Siola'a Polar PAYG Product,1000,6100,5.952380952,51.0,53252,2020-03-12 20:55:44.011591,2020-03-05 13:22:22.571392,ENABLED,UNLOCKED,53251.0,7 days 07:33:21.440199000,109.03583333333333,1024.800000065587,10.639718318340657,
499,29,10001,2019-08-30 04:31:09.571392,False,True,Loa Bright Sun Bell Smart,1400,5600,8.333333332999999,42.0,53309,2020-03-12 20:56:12.500638,2020-02-27 07:24:45.571392,DISABLED,UNLOCKED,53308.0,14 days 13:31:26.929246000,4346.893333333333,672.0000000268801,646.8591269582525,
507,29,10001,2019-12-17 10:03:58.571392,False,True,Loa Bright Sun Bell Smart,1400,5600,8.333333332999999,42.0,56158,2020-03-12 20:58:08.287991,2020-02-29 17:32:25.571392,DISABLED,UNLOCKED,56157.0,12 days 03:25:42.716599000,1783.4741666666666,672.0000000268801,265.397941457638,
509,29,10001,2020-01-23 02:33:46.571392,False,True,Loa Bright Sun Bell Smart,1400,5600,8.333333332999999,42.0,56177,2020-03-12 20:58:17.936970,2020-03-03 22:23:50.571392,DISABLED,UNLOCKED,56176.0,8 days 22:34:27.365578000,979.8344444444444,672.0000000268801,145.80869708411473,
513,29,10001,2019-06-26 09:23:58.571392,False,True,Loa Bright Sun Bell Smart,1400,5600,8.333333332999999,42.0,58614,2020-03-12 20:59:47.296433,2020-03-04 01:14:42.571392,DISABLED,UNLOCKED,58613.0,8 days 19:45:04.725041000,6039.845555555556,672.0000000268801,898.7865409693393,
514,29,10001,2019-06-10 03:37:40.571392,False,True,Loa Bright Sun Bell Smart,1400,5600,8.333333332999999,42.0,58687,2020-03-12 21:00:09.516161,2020-03-01 09:15:10.571392,DISABLED,UNLOCKED,58686.0,11 days 11:44:58.944769000,6365.625,672.0000000268801,947.2656249621092,
515,29,10001,2019-09-05 04:02:21.571392,False,True,Loa Bright Sun Bell Smart,1400,5600,8.333333332999999,42.0,58736,2020-03-12 21:00:25.626060,2020-03-05 02:13:05.571392,DISABLED,UNLOCKED,58735.0,7 days 18:47:20.054668000,4366.178888888889,672.0000000268801,649.729001296762,
518,29,10001,2019-08-03 11:11:00.571392,False,True,Loa Bright Sun Bell Smart,1400,5600,8.333333332999999,42.0,59197,2020-03-12 21:01:13.046463,2020-02-26 17:57:02.571392,DISABLED,UNLOCKED,59196.0,15 days 03:04:10.475071000,4974.767222222222,672.0000000268801,740.2927413725046,
519,29,10001,2019-08-25 21:15:17.571392,False,True,Loa Bright Sun Bell Smart,1400,5600,8.333333332999999,42.0,59248,2020-03-12 21:01:35.732408,2020-02-28 19:46:12.571392,DISABLED,UNLOCKED,59247.0,13 days 01:15:23.161016000,4486.515277777778,672.0000000268801,667.6362020235589,
503,29,10001,2019-12-01 20:04:54.571392,False,True,Loa Bright Sun Bell Smart,1400,5600,8.333333332999999,42.0,90304,2020-03-12 21:59:12.070530,2020-03-08 08:30:34.571392,DISABLED,UNLOCKED,90303.0,4 days 13:28:37.499138000,2340.427777777778,672.0000000268801,348.277943107762,
511,29,10001,2019-06-22 02:14:17.571392,False,True,Loa Bright Sun Bell Smart,1400,5600,8.333333332999999,42.0,91123,2020-03-12 21:59:18.646123,2020-03-04 17:54:57.571392,DISABLED,UNLOCKED,91122.0,8 days 04:04:21.074731000,6159.677777777778,672.0000000268801,916.618716894552,
517,29,10001,2019-10-18 06:58:19.571392,False,True,Loa Bright Sun Bell Smart,1400,5600,8.333333332999999,42.0,93221,2020-03-12 21:59:39.730429,2020-03-04 21:34:36.571392,DISABLED,UNLOCKED,93220.0,8 days 00:25:03.159037000,3326.6047222222223,672.0000000268801,495.0304645966009,
522,30,10001,2019-08-21 04:15:42.571392,False,True,Sor Sonith Omnivoltaic Pilot L190 Bluetooth,1100,5500,6.547619048,44.0,60261,2020-03-12 21:02:55.848240,2020-03-02 23:54:00.571392,DISABLED,UNLOCKED,60260.0,9 days 21:08:55.276848000,4675.638333333333,839.9999999511273,556.6236111434965,
525,30,10001,2019-11-19 08:43:31.571392,False,True,Sor Sonith Omnivoltaic Pilot L190 Bluetooth,1100,5500,6.547619048,44.0,60944,2020-03-12 21:03:52.908652,2020-02-29 13:20:45.571392,DISABLED,UNLOCKED,60943.0,12 days 07:43:07.337260000,2452.6205555555557,839.9999999511273,291.9786375831254,
529,30,10001,2019-09-04 16:44:24.571392,False,True,Sor Sonith Omnivoltaic Pilot L190 Bluetooth,1100,5500,6.547619048,44.0,61227,2020-03-12 21:04:37.968654,2020-03-03 13:42:12.571392,DISABLED,UNLOCKED,61226.0,9 days 07:22:25.397262000,4340.963333333333,839.9999999511273,516.7813492364164,
524,30,10001,2019-11-16 23:00:29.571392,False,True,Sor Sonith Omnivoltaic Pilot L190 Bluetooth,1100,5500,6.547619048,44.0,91480,2020-03-12 21:59:21.616386,2020-03-05 12:09:13.571392,DISABLED,UNLOCKED,91479.0,7 days 09:50:08.044994000,2629.1455555555553,839.9999999511273,312.993518536729,
531,31,10001,2019-08-07 06:21:12.571392,False,True,Dayenne RAYGO150,1000,6100,5.952380952,51.0,61490,2020-03-12 21:05:11.525849,2020-02-25 03:35:41.571392,DISABLED,UNLOCKED,61489.0,16 days 17:29:29.954457000,4845.241388888889,1024.800000065587,472.79873034531556,
532,31,10001,2019-07-01 22:38:19.571392,False,True,Dayenne RAYGO150,1000,6100,5.952380952,51.0,61555,2020-03-12 21:05:33.281021,2020-02-24 10:22:12.571392,DISABLED,UNLOCKED,61554.0,17 days 10:43:20.709629000,5699.731388888889,1024.800000065587,556.1798778809629,
535,31,10001,2019-12-29 15:52:30.571392,False,True,Dayenne RAYGO150,1000,6100,5.952380952,51.0,62448,2020-03-12 21:06:19.181969,2020-02-27 18:05:03.571392,DISABLED,UNLOCKED,62447.0,14 days 03:01:15.610577000,1442.2091666666668,1024.800000065587,140.73079299125348,
538,31,10001,2019-10-09 08:59:21.571392,False,True,Dayenne RAYGO150,1000,6100,5.952380952,51.0,62903,2020-03-12 21:07:00.106705,2020-03-01 19:39:48.571392,DISABLED,UNLOCKED,62902.0,11 days 01:27:11.535313000,3466.6741666666667,1024.800000065587,338.2781192861827,
540,31,10001,2019-10-21 13:26:39.571392,False,True,Dayenne RAYGO150,1000,6100,5.952380952,51.0,63632,2020-03-12 21:07:40.016289,2020-03-02 00:02:02.571392,DISABLED,UNLOCKED,63631.0,10 days 21:05:37.444897000,3178.589722222222,1024.800000065587,310.16683470128737,
542,31,10001,2019-08-31 00:01:55.571392,False,True,Dayenne RAYGO150,1000,6100,5.952380952,51.0,64093,2020-03-12 21:08:18.007438,2020-02-26 18:34:12.571392,DISABLED,UNLOCKED,64092.0,15 days 02:34:05.436046000,4314.538055555556,1024.800000065587,421.0126907961969,
545,31,10001,2019-06-29 01:12:15.571392,False,True,Dayenne RAYGO150,1000,6100,5.952380952,51.0,65370,2020-03-12 21:09:28.391560,2020-02-28 03:53:55.571392,DISABLED,UNLOCKED,65369.0,13 days 17:15:32.820168000,5858.694444444444,1024.800000065587,571.69149532294,
548,31,10001,2019-07-25 07:55:46.571392,False,True,Dayenne RAYGO150,1000,6100,5.952380952,51.0,66261,2020-03-12 21:10:30.677405,2020-03-03 04:52:52.571392,DISABLED,UNLOCKED,66260.0,9 days 16:17:38.106013000,5324.951666666667,1024.800000065587,519.6088667374971,
551,31,10001,2019-09-11 04:29:34.571392,False,True,Dayenne RAYGO150,1000,6100,5.952380952,51.0,66986,2020-03-12 21:11:25.646612,2020-02-25 05:07:39.571392,DISABLED,UNLOCKED,66985.0,16 days 16:03:46.075220000,4008.634722222222,1024.800000065587,391.1626387554323,
553,32,10001,2019-12-24 17:50:00.571392,False,True,Mon Ponleak Sun King Home 40Z Easy Buy,750,6000,4.464285714,105.0,66997,2020-03-12 21:11:38.804192,2020-02-24 13:19:26.571392,DISABLED,UNLOCKED,66996.0,17 days 07:52:12.232800000,1483.4905555555556,1344.0000000860161,110.37876156700983,
554,32,10001,2019-11-01 11:13:09.571392,False,True,Mon Ponleak Sun King Home 40Z Easy Buy,750,6000,4.464285714,105.0,67028,2020-03-12 21:11:51.394708,2020-02-25 14:01:10.571392,DISABLED,UNLOCKED,67027.0,16 days 07:10:40.823316000,2786.800277777778,1344.0000000860161,207.3512111309094,
557,32,10001,2019-12-30 23:42:26.571392,False,True,Mon Ponleak Sun King Home 40Z Easy Buy,750,6000,4.464285714,105.0,67243,2020-03-12 21:12:25.425125,2020-02-24 00:11:34.571392,DISABLED,UNLOCKED,67242.0,17 days 21:00:50.853733000,1320.4855555555555,1344.0000000860161,98.25041335350032,
560,32,10001,2019-10-27 08:36:10.571392,False,True,Mon Ponleak Sun King Home 40Z Easy Buy,750,6000,4.464285714,105.0,67552,2020-03-12 21:13:02.840769,2020-02-20 12:47:01.571392,DISABLED,UNLOCKED,67551.0,21 days 08:26:01.269377000,2788.1808333333333,1344.0000000860161,207.45393103831026,
567,32,10001,2020-02-05 09:09:23.571392,False,True,Mon Ponleak Sun King Home 40Z Easy Buy,750,6000,4.464285714,105.0,68398,2020-03-12 21:14:22.994036,2020-02-25 18:18:41.571392,ENABLED,UNLOCKED,68397.0,16 days 02:55:41.422644000,489.155,1344.0000000860161,36.395461307194495,
565,32,10001,2020-01-27 07:40:16.571392,False,True,Mon Ponleak Sun King Home 40Z Easy Buy,750,6000,4.464285714,105.0,90744,2020-03-12 21:59:15.813687,2020-03-09 07:24:16.571392,ENABLED,UNLOCKED,90743.0,3 days 14:34:59.242295000,1007.7333333333333,1344.0000000860161,74.98015872535998,
576,33,10001,2019-12-15 12:46:52.571392,False,True,Alfaro WOWsolar60 Bundle,1100,6100,6.547619048,100.0,68757,2020-03-12 21:15:56.553920,2020-02-22 00:40:07.571392,DISABLED,UNLOCKED,68756.0,19 days 20:35:48.982528000,1643.8875,931.6363635821594,176.45162471752622,
579,33,10001,2020-01-14 21:42:55.571392,False,True,Alfaro WOWsolar60 Bundle,1100,6100,6.547619048,100.0,68964,2020-03-12 21:16:48.134422,2020-02-22 23:17:44.571392,DISABLED,UNLOCKED,68963.0,18 days 21:59:03.563030000,937.5802777777777,931.6363635821594,100.63800796404767,
581,33,10001,2020-01-16 19:51:07.571392,False,True,Alfaro WOWsolar60 Bundle,1100,6100,6.547619048,100.0,92514,2020-03-12 21:59:31.298362,2020-03-12 01:19:35.571392,DISABLED,UNLOCKED,92513.0,0 days 20:39:55.726970000,1325.4744444444445,931.6363635821594,142.27379868986333,
588,34,10001,2019-10-17 11:59:43.571392,False,True,Monte Bright Home 58 Bundle,950,6300,5.654761905,53.5,69647,2020-03-12 21:19:04.616378,2020-03-03 07:54:02.571392,DISABLED,UNLOCKED,69646.0,9 days 13:25:02.044986000,3307.905277777778,1114.105263110985,296.91137698613045,
590,34,10001,2019-11-27 05:42:50.571392,False,True,Monte Bright Home 58 Bundle,950,6300,5.654761905,53.5,69674,2020-03-12 21:19:28.391802,2020-02-23 17:33:44.571392,DISABLED,UNLOCKED,69673.0,18 days 03:45:43.820410000,2123.8483333333334,1114.105263110985,190.63264519573133,
597,34,10001,2019-11-08 01:32:17.571392,False,True,Monte Bright Home 58 Bundle,950,6300,5.654761905,53.5,70763,2020-03-12 21:21:32.755753,2020-02-27 00:59:33.571392,DISABLED,UNLOCKED,70762.0,14 days 20:21:59.184361000,2663.4544444444446,1114.105263110985,239.06667822456163,
600,34,10001,2019-10-23 09:26:21.571392,False,True,Monte Bright Home 58 Bundle,950,6300,5.654761905,53.5,71062,2020-03-12 21:22:20.746103,2020-02-24 17:49:32.571392,DISABLED,UNLOCKED,71061.0,17 days 03:32:48.174711000,2984.386388888889,1114.105263110985,267.8729279633239,
601,34,10001,2019-12-11 17:00:51.571392,False,True,Monte Bright Home 58 Bundle,950,6300,5.654761905,53.5,71079,2020-03-12 21:22:35.497624,2020-02-24 14:30:11.571392,DISABLED,UNLOCKED,71078.0,17 days 06:52:23.926232000,1797.4888888888888,1114.105263110985,161.3392332309471,
602,34,10001,2019-10-06 09:26:01.571392,False,True,Monte Bright Home 58 Bundle,950,6300,5.654761905,53.5,71118,2020-03-12 21:22:55.316478,2020-02-28 07:59:45.571392,DISABLED,UNLOCKED,71117.0,13 days 13:23:09.745086000,3478.5622222222223,1114.105263110985,312.22922441895815,
593,34,10001,2019-11-12 17:43:50.571392,False,True,Monte Bright Home 58 Bundle,950,6300,5.654761905,53.5,90443,2020-03-12 21:59:13.069934,2020-03-08 20:58:09.571392,DISABLED,UNLOCKED,90442.0,4 days 01:01:03.498542000,2811.238611111111,1114.105263110985,252.33150799962254,
608,35,10001,2019-05-30 11:00:24.571392,False,True,Lotu Niwa Energy 50 (42Wh),600,5400,3.571428571,96.0,73811,2020-03-12 21:25:20.820580,2020-03-04 20:03:08.571392,DISABLED,UNLOCKED,73810.0,8 days 01:22:12.249188000,6705.045555555555,1512.0000001814399,443.45539383273484,
612,35,10001,2019-09-29 13:31:21.571392,False,True,Lotu Niwa Energy 50 (42Wh),600,5400,3.571428571,96.0,74386,2020-03-12 21:26:15.898408,2020-03-01 11:45:47.571392,DISABLED,UNLOCKED,74385.0,11 days 09:40:28.327016000,3694.2405555555556,1512.0000001814399,244.32807904181527,
614,35,10001,2019-07-01 23:50:14.571392,False,True,Lotu Niwa Energy 50 (42Wh),600,5400,3.571428571,96.0,74463,2020-03-12 21:26:47.593618,2020-02-29 15:07:41.571392,DISABLED,UNLOCKED,74462.0,12 days 06:19:06.022226000,5823.2908333333335,1512.0000001814399,385.1382825816494,
617,35,10001,2019-09-04 13:14:12.571392,False,True,Lotu Niwa Energy 50 (42Wh),600,5400,3.571428571,96.0,75318,2020-03-12 21:27:57.237926,2020-03-02 12:23:24.571392,DISABLED,UNLOCKED,75317.0,10 days 09:04:32.666534000,4319.153333333334,1512.0000001814399,285.6582892073436,
619,35,10001,2019-06-03 03:47:08.571392,False,True,Lotu Niwa Energy 50 (42Wh),600,5400,3.571428571,96.0,75403,2020-03-12 21:28:36.656111,2020-02-28 18:43:17.571392,DISABLED,UNLOCKED,75402.0,13 days 02:45:19.084719000,6494.935833333333,1512.0000001814399,429.55924818478445,
623,35,10001,2019-06-25 10:29:10.571392,False,True,Lotu Niwa Energy 50 (42Wh),600,5400,3.571428571,96.0,76374,2020-03-12 21:29:51.523833,2020-02-29 19:25:18.571392,DISABLED,UNLOCKED,76373.0,12 days 02:04:32.952441000,5984.935555555556,1512.0000001814399,395.82907108712726,
624,35,10001,2019-08-02 11:35:32.571392,False,True,Lotu Niwa Energy 50 (42Wh),600,5400,3.571428571,96.0,76431,2020-03-12 21:30:15.230094,2020-02-25 11:43:54.571392,DISABLED,UNLOCKED,76430.0,16 days 09:46:20.658702000,4968.139444444444,1512.0000001814399,328.58065104816586,
607,35,10001,2019-07-09 05:31:14.571392,False,True,Lotu Niwa Energy 50 (42Wh),600,5400,3.571428571,96.0,92649,2020-03-12 21:59:32.651929,2020-03-09 04:54:26.571392,DISABLED,UNLOCKED,92648.0,3 days 17:05:06.080537000,5855.386666666666,1512.0000001814399,387.2610228812183,
627,36,10001,2019-11-01 18:22:37.571392,False,True,Reisch Bright Move,700,5800,4.166666667,102.0,77080,2020-03-12 21:31:13.571184,2020-02-20 13:33:09.571392,DISABLED,UNLOCKED,77079.0,21 days 07:58:03.999792000,2659.1755555555555,1391.9999998886399,191.0327267074921,
628,36,10001,2019-11-07 13:15:38.571392,False,True,Reisch Bright Move,700,5800,4.166666667,102.0,77107,2020-03-12 21:31:28.262135,2020-02-27 00:50:33.571392,DISABLED,UNLOCKED,77106.0,14 days 20:40:54.690743000,2675.5819444444446,1391.9999998886399,192.21134659902955,
629,36,10001,2019-11-11 12:40:35.571392,False,True,Reisch Bright Move,700,5800,4.166666667,102.0,77134,2020-03-12 21:31:43.281739,2020-02-29 23:06:51.571392,DISABLED,UNLOCKED,77133.0,11 days 22:24:51.710347000,2650.4377777777777,1391.9999998886399,190.4050127866245,
631,36,10001,2019-12-23 09:30:07.571392,False,True,Reisch Bright Move,700,5800,4.166666667,102.0,77603,2020-03-12 21:32:15.509165,2020-03-01 15:46:49.571392,DISABLED,UNLOCKED,77602.0,11 days 05:45:25.937773000,1662.2783333333334,1391.9999998886399,119.41654694441924,
642,36,10001,2019-10-05 23:48:54.571392,False,True,Reisch Bright Move,700,5800,4.166666667,102.0,79126,2020-03-12 21:34:45.941603,2020-02-28 01:38:33.571392,DISABLED,UNLOCKED,79125.0,13 days 19:56:12.370211000,3481.8275,1391.9999998886399,250.13128593955076,
645,36,10001,2019-10-20 13:03:50.571392,False,True,Reisch Bright Move,700,5800,4.166666667,102.0,79359,2020-03-12 21:35:28.320523,2020-02-29 17:25:50.571392,DISABLED,UNLOCKED,79358.0,12 days 04:09:37.749131000,3172.366666666667,1391.9999998886399,227.8999042327914,
646,36,10001,2019-11-05 11:17:06.571392,False,True,Reisch Bright Move,700,5800,4.166666667,102.0,79390,2020-03-12 21:35:44.193568,2020-03-01 19:25:38.571392,DISABLED,UNLOCKED,79389.0,11 days 02:10:05.622176000,2816.1422222222222,1391.9999998886399,202.30906770456278,
649,37,10001,2019-09-14 04:46:32.571392,False,True,Harald Niwa Energy 50 (128Wh),750,5800,4.464285714,101.0,81043,2020-03-12 21:37:15.655045,2020-02-27 08:28:05.571392,DISABLED,UNLOCKED,81042.0,14 days 13:09:10.083653000,3987.6925,1299.2000000831488,306.9344596478439,
650,37,10001,2019-07-04 23:57:23.571392,False,True,Harald Niwa Energy 50 (128Wh),750,5800,4.464285714,101.0,81108,2020-03-12 21:37:50.168818,2020-02-25 02:39:55.571392,DISABLED,UNLOCKED,81107.0,16 days 18:57:54.597426000,5642.708888888889,1299.2000000831488,434.3218048435773,
652,37,10001,2019-09-23 10:34:07.571392,False,True,Harald Niwa Energy 50 (128Wh),750,5800,4.464285714,101.0,81279,2020-03-12 21:38:33.439497,2020-02-22 00:53:12.571392,DISABLED,UNLOCKED,81278.0,19 days 20:45:20.868105000,3638.3180555555555,1299.2000000831488,280.04295376560214,
653,37,10001,2019-07-29 11:46:51.571392,False,True,Harald Niwa Energy 50 (128Wh),750,5800,4.464285714,101.0,81336,2020-03-12 21:39:02.876674,2020-02-22 20:20:00.571392,DISABLED,UNLOCKED,81335.0,19 days 01:19:02.305282000,5000.5525,1299.2000000831488,384.89474289408594,
657,37,10001,2019-11-26 16:14:52.571392,False,True,Harald Niwa Energy 50 (128Wh),750,5800,4.464285714,101.0,82779,2020-03-12 21:40:37.665706,2020-02-25 14:04:07.571392,DISABLED,UNLOCKED,82778.0,16 days 07:36:30.094314000,2181.820833333333,1299.2000000831488,167.93571684064784,
651,37,10001,2019-12-08 15:28:55.571392,False,True,Harald Niwa Energy 50 (128Wh),750,5800,4.464285714,101.0,92914,2020-03-12 21:59:36.280215,2020-03-08 12:47:32.571392,DISABLED,UNLOCKED,92913.0,4 days 09:12:03.708823000,2181.3102777777776,1299.2000000831488,167.89641915318455,
661,38,10001,2019-06-19 01:31:05.571392,False,True,Loa Bright Home 29,1400,6300,8.333333332999999,49.0,83792,2020-03-12 21:42:07.697425,2020-02-24 10:49:14.571392,DISABLED,UNLOCKED,83791.0,17 days 10:52:53.126033000,6009.3025,756.0000000302401,794.8812830369876,
664,38,10001,2019-05-29 20:50:44.571392,False,True,Loa Bright Home 29,1400,6300,8.333333332999999,49.0,85093,2020-03-12 21:43:40.302897,2020-03-03 17:27:37.571392,DISABLED,UNLOCKED,85092.0,9 days 04:16:02.731505000,6692.614722222223,756.0000000302401,885.2664976130313,
666,38,10001,2019-12-02 22:48:42.571392,False,True,Loa Bright Home 29,1400,6300,8.333333332999999,49.0,85488,2020-03-12 21:44:17.813048,2020-02-29 19:13:41.571392,DISABLED,UNLOCKED,85487.0,12 days 02:30:36.241656000,2132.416388888889,756.0000000302401,282.065659894655,
668,38,10001,2019-11-25 06:48:31.571392,False,True,Loa Bright Home 29,1400,6300,8.333333332999999,49.0,85737,2020-03-12 21:44:53.585220,2020-02-29 13:59:42.571392,DISABLED,UNLOCKED,85736.0,12 days 07:45:11.013828000,2311.186388888889,756.0000000302401,305.7124852905345,
674,39,10001,2020-02-18 09:32:19.571392,False,True,Phuong Sun King Home 120 Easy Buy,750,6600,4.464285714,117.0,85755,2020-03-12 21:45:26.161995,2020-02-29 21:48:51.571392,ENABLED,UNLOCKED,85754.0,11 days 23:56:34.590603000,276.27555555555557,1478.4000000946176,18.68746993627394,
679,39,10001,2020-02-25 07:48:40.571392,False,True,Phuong Sun King Home 120 Easy Buy,750,6600,4.464285714,117.0,85769,2020-03-12 21:45:54.761822,2020-03-09 08:18:57.571392,ENABLED,UNLOCKED,85768.0,3 days 13:26:57.190430000,312.5047222222222,1478.4000000946176,21.13803586324553,
682,39,10001,2020-02-22 04:53:35.571392,False,True,Phuong Sun King Home 120 Easy Buy,750,6600,4.464285714,117.0,85775,2020-03-12 21:46:11.660700,2020-03-06 03:58:03.571392,ENABLED,UNLOCKED,85774.0,6 days 17:48:08.089308000,311.07444444444445,1478.4000000946176,21.041290883694245,
684,39,10001,2020-02-19 14:20:24.571392,False,True,Phuong Sun King Home 120 Easy Buy,750,6600,4.464285714,117.0,85781,2020-03-12 21:46:23.354636,2020-02-23 21:16:53.571392,ENABLED,UNLOCKED,85780.0,18 days 00:29:29.783244000,102.9413888888889,1478.4000000946176,6.963026845393713,
687,39,10001,2020-03-02 00:05:59.571392,False,True,Phuong Sun King Home 120 Easy Buy,750,6600,4.464285714,117.0,85791,2020-03-12 21:46:44.785111,2020-03-07 09:06:14.571392,ENABLED,UNLOCKED,85790.0,5 days 12:40:30.213719000,129.00416666666666,1478.4000000946176,8.725931186310227,
690,39,10001,2020-02-27 09:29:35.571392,False,True,Phuong Sun King Home 120 Easy Buy,750,6600,4.464285714,117.0,85799,2020-03-12 21:47:00.795386,2020-03-11 02:54:21.571392,ENABLED,UNLOCKED,85798.0,1 days 18:52:39.223994000,305.41277777777776,1478.4000000946176,20.658331828884695,
691,39,10001,2020-02-24 21:19:15.571392,False,True,Phuong Sun King Home 120 Easy Buy,750,6600,4.464285714,117.0,85801,2020-03-12 21:47:06.884951,2020-03-09 11:01:59.571392,ENABLED,UNLOCKED,85800.0,3 days 10:45:07.313559000,325.71222222222224,1478.4000000946176,22.031400311240304,
692,39,10001,2020-02-14 07:30:51.571392,False,True,Phuong Sun King Home 120 Easy Buy,750,6600,4.464285714,117.0,85803,2020-03-12 21:47:12.562506,2020-02-19 04:32:44.571392,ENABLED,UNLOCKED,85802.0,22 days 17:14:27.991114000,117.03138888888888,1478.4000000946176,7.916084204640075,
696,39,10001,2020-02-15 12:47:29.571392,False,True,Phuong Sun King Home 120 Easy Buy,750,6600,4.464285714,117.0,85811,2020-03-12 21:47:34.638618,2020-02-28 02:57:25.571392,ENABLED,UNLOCKED,85810.0,13 days 18:50:09.067226000,302.16555555555556,1478.4000000946176,20.438687468629393,
697,39,10001,2020-03-05 01:26:42.571392,False,True,Phuong Sun King Home 120 Easy Buy,750,6600,4.464285714,117.0,85813,2020-03-12 21:47:41.112216,2020-03-11 22:33:25.571392,ENABLED,UNLOCKED,85812.0,0 days 23:14:15.540824000,165.11194444444445,1478.4000000946176,11.168286284759017,
706,39,10001,2020-02-21 13:45:02.571392,False,True,Phuong Sun King Home 120 Easy Buy,750,6600,4.464285714,117.0,85841,2020-03-12 21:48:33.401893,2020-03-06 00:48:18.571392,ENABLED,UNLOCKED,85840.0,6 days 21:00:14.830501000,323.05444444444447,1478.4000000946176,21.85162638147788,
711,40,10001,2020-02-19 16:46:05.571392,False,True,Sang Reasmey Solar Village Battery Stick,1300,6600,7.738095238,53.0,85857,2020-03-12 21:49:02.065701,2020-02-26 10:25:45.571392,ENABLED,UNLOCKED,85856.0,15 days 11:23:16.494309000,161.6611111111111,852.9230769335745,18.953773849373903,
715,40,10001,2020-02-24 03:35:13.571392,False,True,Sang Reasmey Solar Village Battery Stick,1300,6600,7.738095238,53.0,85879,2020-03-12 21:49:24.835571,2020-03-08 20:17:08.571392,ENABLED,UNLOCKED,85878.0,4 days 01:32:16.264179000,328.6986111111111,852.9230769335745,38.53789632388035,
719,40,10001,2020-02-19 00:59:28.571392,False,True,Sang Reasmey Solar Village Battery Stick,1300,6600,7.738095238,53.0,85891,2020-03-12 21:49:44.336505,2020-02-24 18:59:51.571392,ENABLED,UNLOCKED,85890.0,17 days 02:49:52.765113000,138.0063888888889,852.9230769335745,16.180402737495257,
720,40,10001,2020-02-25 04:51:06.571392,False,True,Sang Reasmey Solar Village Battery Stick,1300,6600,7.738095238,53.0,85893,2020-03-12 21:49:49.680132,2020-03-08 21:55:55.571392,ENABLED,UNLOCKED,85892.0,3 days 23:53:54.108740000,305.0802777777778,852.9230769335745,35.768791586059685,
724,40,10001,2020-02-15 17:48:07.571392,False,True,Sang Reasmey Solar Village Battery Stick,1300,6600,7.738095238,53.0,85905,2020-03-12 21:50:10.424442,2020-02-20 21:04:00.571392,ENABLED,UNLOCKED,85904.0,21 days 00:46:09.853050000,123.26472222222222,852.9230769335745,14.45203272789652,
727,40,10001,2020-02-14 05:03:47.571392,False,True,Sang Reasmey Solar Village Battery Stick,1300,6600,7.738095238,53.0,85919,2020-03-12 21:50:26.375814,2020-02-26 18:50:26.571392,ENABLED,UNLOCKED,85918.0,15 days 02:59:59.804422000,301.7775,852.9230769335745,35.38156114675067,
733,40,10001,2020-02-16 09:06:57.571392,False,True,Sang Reasmey Solar Village Battery Stick,1300,6600,7.738095238,53.0,85941,2020-03-12 21:51:00.482649,2020-02-21 09:25:38.571392,ENABLED,UNLOCKED,85940.0,20 days 12:25:21.911257000,120.31138888888889,852.9230769335745,14.105772506640562,
735,40,10001,2020-02-12 20:14:20.571392,False,True,Sang Reasmey Solar Village Battery Stick,1300,6600,7.738095238,53.0,85947,2020-03-12 21:51:14.080553,2020-03-01 21:46:21.571392,ENABLED,UNLOCKED,85946.0,11 days 00:04:52.509161000,433.5336111111111,852.9230769335745,50.829157146239886,
739,40,10001,2020-02-09 19:54:52.571392,False,True,Sang Reasmey Solar Village Battery Stick,1300,6600,7.738095238,53.0,85965,2020-03-12 21:51:38.515631,2020-02-28 04:11:12.571392,ENABLED,UNLOCKED,85964.0,13 days 17:40:25.944239000,440.27222222222224,852.9230769335745,51.61921797274932,
747,40,10001,2020-02-15 13:03:43.571392,False,True,Sang Reasmey Solar Village Battery Stick,1300,6600,7.738095238,53.0,85985,2020-03-12 21:52:22.051981,2020-02-21 02:10:53.571392,ENABLED,UNLOCKED,85984.0,20 days 19:41:28.480589000,133.11944444444444,852.9230769335745,15.607438471829713,
729,40,10001,2020-02-13 01:20:01.571392,False,True,Sang Reasmey Solar Village Battery Stick,1300,6600,7.738095238,53.0,90339,2020-03-12 21:59:12.367788,2020-03-10 07:39:08.571392,ENABLED,UNLOCKED,90338.0,2 days 14:20:03.796396000,630.3186111111111,852.9230769335745,73.90099156154034,
737,40,10001,2020-02-10 19:06:07.571392,False,True,Sang Reasmey Solar Village Battery Stick,1300,6600,7.738095238,53.0,92397,2020-03-12 21:59:30.456874,2020-03-07 00:15:57.571392,ENABLED,UNLOCKED,92396.0,5 days 21:43:32.885482000,605.1638888888889,852.9230769335745,70.95175464879806,
755,41,10001,2020-02-03 01:17:53.571392,False,True,Anjanie Fosera LSHS GSM,2250,9100,13.39285714,137.0,86435,2020-03-12 21:53:40.192988,2020-03-01 07:12:13.571392,ENABLED,UNLOCKED,86434.0,11 days 14:41:26.621596000,653.9055555555556,679.4666668116196,96.23806251217461,
756,41,10001,2019-12-13 15:00:12.571392,False,True,Anjanie Fosera LSHS GSM,2250,9100,13.39285714,137.0,86454,2020-03-12 21:53:55.964295,2020-02-27 14:42:27.571392,DISABLED,UNLOCKED,86453.0,14 days 07:11:28.392903000,1823.7041666666667,679.4666668116196,268.40230076691665,
759,41,10001,2019-12-25 13:41:23.571392,False,True,Anjanie Fosera LSHS GSM,2250,9100,13.39285714,137.0,86513,2020-03-12 21:54:23.180356,2020-02-23 23:24:05.571392,DISABLED,UNLOCKED,86512.0,17 days 22:30:17.608964000,1449.7116666666666,679.4666668116196,213.36023347096665,
758,41,10001,2020-01-14 13:01:20.571392,False,True,Anjanie Fosera LSHS GSM,2250,9100,13.39285714,137.0,90260,2020-03-12 21:59:11.632137,2020-03-08 16:43:58.571392,DISABLED,UNLOCKED,90259.0,4 days 05:15:13.060745000,1299.7105555555556,679.4666668116196,191.28393180116032,
751,41,10001,2020-01-16 12:19:29.571392,False,True,Anjanie Fosera LSHS GSM,2250,9100,13.39285714,137.0,90984,2020-03-12 21:59:17.869849,2020-03-11 09:42:01.571392,DISABLED,UNLOCKED,90983.0,1 days 12:17:16.298457000,1317.3755555555556,679.4666668116196,193.88376500311745,
760,41,10001,2019-12-21 10:15:52.571392,False,True,Anjanie Fosera LSHS GSM,2250,9100,13.39285714,137.0,92002,2020-03-12 21:59:25.260788,2020-03-05 17:48:27.571392,DISABLED,UNLOCKED,92001.0,7 days 04:10:57.689396000,1807.5430555555556,679.4666668116196,266.0238012907103,
754,41,10001,2019-12-19 06:57:22.571392,False,True,Anjanie Fosera LSHS GSM,2250,9100,13.39285714,137.0,92393,2020-03-12 21:59:30.276627,2020-03-10 09:43:21.571392,DISABLED,UNLOCKED,92392.0,2 days 12:16:08.705235000,1970.766388888889,679.4666668116196,290.0460736560722,
767,42,10001,2019-09-26 15:33:51.571392,False,True,Mon Ponleak Sun King Eco Easy Buy,650,5200,3.869047619,91.0,88540,2020-03-12 21:57:07.501109,2020-03-05 05:11:54.571392,DISABLED,UNLOCKED,88539.0,7 days 16:45:12.929717000,3853.6341666666667,1344.0000000165417,286.7287326353599,
771,42,10001,2019-11-19 00:43:31.571392,False,True,Mon Ponleak Sun King Eco Easy Buy,650,5200,3.869047619,91.0,89801,2020-03-12 21:58:38.977793,2020-03-01 20:07:25.571392,DISABLED,UNLOCKED,89800.0,11 days 01:51:13.406401000,2491.3983333333335,1344.0000000165417,185.3718997993058,
